transaction_id,timestamp,client_id,age_group,is_loyalty,week_day,hour,is_weekend,is_holiday,dish_id,dish_name,dish_category,price,cost,quantity,weather,temperature,promo_applied,waiter_id,preparation_time,rating,predicted_profit_margin,profit,date
T1000,2023-11-10 09:47:00,,,0,Fri,9,0,0,D-147,Чизкейк,dessert,257,89.95,1,Cloudy,18,1,W-01,3,5.0,0.65,167.05,2023-11-10
T1001,2023-11-02 14:35:00,,,0,Thu,14,0,0,D-242,Булочка с корицей,bakery,133,39.9,1,Cloudy,18,0,W-07,2,3.0,0.7,93.1,2023-11-02
T1002,2023-11-18 12:05:00,,,0,Sat,12,1,0,D-293,Куриный сэндвич,sandwich,341,136.4,2,Sunny,23,0,W-09,5,,0.6,409.2,2023-11-18
T1003,2023-10-19 17:39:00,C-891,25-34,1,Thu,17,0,0,D-425,Кесадилья,snack,327,124.26,1,Rainy,17,1,W-05,7,4.0,0.62,202.74,2023-10-19
T1004,2023-10-24 12:42:00,C-846,18-24,1,Tue,12,0,0,D-450,Панна котта,dessert,374,130.9,1,Rainy,15,0,W-09,4,3.0,0.65,243.1,2023-10-24
T1005,2023-10-15 17:51:00,C-835,25-34,0,Sun,17,1,0,D-235,Макарон,dessert,268,93.8,1,Cloudy,18,0,W-08,4,3.0,0.65,174.2,2023-10-15
T1006,2023-11-17 13:16:00,,,0,Fri,13,0,0,D-178,Фруктовый чай,tea,174,52.2,1,Cloudy,25,1,W-01,1,4.0,0.7,121.8,2023-11-17
T1007,2023-10-28 14:24:00,,,0,Sat,14,1,0,D-493,Сэндвич с лососем,sandwich,385,154.0,1,Rainy,16,0,W-09,7,4.0,0.6,231.0,2023-10-28
T1008,2023-10-19 12:29:00,C-208,35-44,1,Thu,12,0,0,D-490,Флэт Уайт,coffee,217,65.1,3,Cloudy,23,0,W-03,4,5.0,0.7,455.70000000000005,2023-10-19
T1009,2023-11-19 18:58:00,C-951,35-44,1,Sun,18,1,0,D-474,Раф,coffee,232,69.6,1,Clear,16,1,W-02,2,5.0,0.7,162.4,2023-11-19
T1010,2023-11-18 13:08:00,C-316,45-54,0,Sat,13,1,0,D-432,Бейгл,bakery,150,45.0,1,Rainy,22,0,W-07,3,5.0,0.7,105.0,2023-11-18
T1011,2023-11-27 13:07:00,C-325,18-24,0,Mon,13,0,0,D-136,Маффин,bakery,88,26.4,1,Cloudy,19,0,W-01,2,4.0,0.7,61.6,2023-11-27
T1012,2023-11-12 13:34:00,,,0,Sun,13,1,0,D-316,Булочка с корицей,bakery,153,45.9,1,Clear,22,0,W-07,2,4.0,0.7,107.1,2023-11-12
T1013,2023-11-25 16:43:00,,,0,Sat,16,1,0,D-316,Зеленый чай,tea,107,32.1,1,Cloudy,19,0,W-08,1,4.0,0.7,74.9,2023-11-25
T1014,2023-10-30 11:59:00,C-115,45-54,0,Mon,11,0,0,D-348,Эспрессо,coffee,290,87.0,1,Clear,18,0,W-03,5,,0.7,203.0,2023-10-30
T1015,2023-11-25 12:03:00,,,0,Sat,12,1,0,D-467,Бейгл,bakery,80,24.0,3,Clear,17,1,W-09,3,4.0,0.7,168.0,2023-11-25
T1016,2023-10-13 11:03:00,C-614,45-54,1,Fri,11,0,0,D-404,Какао,beverage,127,41.91,1,Sunny,25,1,W-03,2,5.0,0.67,85.09,2023-10-13
T1017,2023-11-25 11:07:00,C-697,25-34,1,Sat,11,1,0,D-235,Смузи,beverage,194,64.02,1,Clear,17,0,W-06,2,5.0,0.67,129.98000000000002,2023-11-25
T1018,2023-11-12 14:29:00,C-202,18-24,1,Sun,14,1,0,D-289,Медовик,dessert,218,76.3,1,Rainy,17,0,W-02,4,3.0,0.65,141.7,2023-11-12
T1019,2023-10-29 17:45:00,C-779,18-24,0,Sun,17,1,0,D-239,Эклер,dessert,367,128.45,1,Rainy,24,0,W-09,4,3.0,0.65,238.55,2023-10-29
T1020,2023-10-14 15:13:00,,,0,Sat,15,1,0,D-101,Черный чай,tea,164,49.2,1,Rainy,17,0,W-05,1,4.0,0.7,114.8,2023-10-14
T1021,2023-11-10 19:10:00,C-807,45-54,1,Fri,19,0,0,D-175,Фруктовый чай,tea,170,51.0,1,Clear,17,0,W-10,3,,0.7,119.0,2023-11-10
T1022,2023-10-03 11:57:00,C-898,25-34,0,Tue,11,0,0,D-183,Салат Цезарь,snack,271,102.98,1,Cloudy,21,1,W-03,5,,0.62,168.01999999999998,2023-10-03
T1023,2023-10-02 10:59:00,,,0,Mon,10,0,0,D-119,Медовик,dessert,305,106.75,2,Clear,18,0,W-02,6,5.0,0.65,396.5,2023-10-02
T1024,2023-10-13 17:29:00,C-385,35-44,0,Fri,17,0,0,D-114,Брауни,dessert,258,90.3,1,Sunny,19,0,W-07,5,5.0,0.65,167.7,2023-10-13
T1025,2023-10-12 13:16:00,C-623,18-24,0,Thu,13,0,0,D-366,Капучино,coffee,261,78.3,1,Cloudy,20,0,W-07,2,4.0,0.7,182.7,2023-10-12
T1026,2023-10-28 09:42:00,,,0,Sat,9,1,0,D-456,Эклер,dessert,280,98.0,1,Rainy,23,1,W-06,6,5.0,0.65,182.0,2023-10-28
T1027,2023-10-09 10:42:00,,,0,Mon,10,0,0,D-435,Клаб-сэндвич,sandwich,407,162.8,1,Rainy,22,0,W-10,9,4.0,0.6,244.2,2023-10-09
T1028,2023-10-29 12:13:00,C-748,25-34,1,Sun,12,1,0,D-258,Мохито безалкогольный,beverage,214,70.62,1,Cloudy,18,1,W-04,4,,0.67,143.38,2023-10-29
T1029,2023-10-10 08:15:00,C-813,25-34,1,Tue,8,0,0,D-212,Куриный сэндвич,sandwich,366,146.4,1,Cloudy,23,0,W-02,8,5.0,0.6,219.6,2023-10-10
T1030,2023-10-30 09:15:00,C-672,25-34,0,Mon,9,0,0,D-318,Салат Цезарь,snack,296,112.48,1,Clear,17,0,W-10,8,,0.62,183.51999999999998,2023-10-30
T1031,2023-11-17 17:28:00,,,0,Fri,17,0,0,D-465,Медовик,dessert,263,92.05,2,Rainy,18,1,W-08,3,4.0,0.65,341.9,2023-11-17
T1032,2023-10-18 12:57:00,C-319,18-24,1,Wed,12,0,0,D-299,Лимонад,beverage,137,45.21,1,Sunny,24,0,W-04,3,4.0,0.67,91.78999999999999,2023-10-18
T1033,2023-10-25 13:22:00,C-865,35-44,0,Wed,13,0,0,D-239,Медовик,dessert,299,104.65,2,Clear,22,0,W-08,4,,0.65,388.7,2023-10-25
T1034,2023-10-02 12:42:00,C-737,25-34,0,Mon,12,0,0,D-319,Фруктовый чай,tea,192,57.6,1,Cloudy,22,0,W-02,3,5.0,0.7,134.4,2023-10-02
T1035,2023-10-12 09:24:00,C-870,45-54,1,Thu,9,0,0,D-483,Чизкейк,dessert,316,110.6,1,Sunny,20,0,W-08,3,,0.65,205.4,2023-10-12
T1036,2023-10-15 14:49:00,,,0,Sun,14,1,0,D-158,Зеленый чай,tea,196,58.8,1,Cloudy,22,1,W-08,3,4.0,0.7,137.2,2023-10-15
T1037,2023-11-14 11:23:00,,,0,Tue,11,0,0,D-259,Булочка с корицей,bakery,157,47.1,3,Clear,21,0,W-10,1,4.0,0.7,329.70000000000005,2023-11-14
T1038,2023-11-30 15:04:00,C-924,18-24,0,Thu,15,0,0,D-319,Смузи,beverage,133,43.89,1,Rainy,16,0,W-06,4,,0.67,89.11,2023-11-30
T1039,2023-11-02 14:00:00,C-948,25-34,1,Thu,14,0,0,D-375,Салат Греческий,snack,305,115.9,1,Clear,22,0,W-05,8,5.0,0.62,189.1,2023-11-02
T1040,2023-10-28 17:37:00,,,0,Sat,17,1,0,D-272,Брауни,dessert,262,91.7,2,Sunny,22,1,W-10,6,4.0,0.65,340.6,2023-10-28
T1041,2023-11-24 12:31:00,,,0,Fri,12,0,0,D-223,Печенье,bakery,113,33.9,1,Clear,22,0,W-04,1,4.0,0.7,79.1,2023-11-24
T1042,2023-11-05 16:44:00,C-808,18-24,0,Sun,16,1,0,D-481,Сэндвич с лососем,sandwich,364,145.6,1,Rainy,20,1,W-06,8,5.0,0.6,218.4,2023-11-05
T1043,2023-11-14 12:19:00,,,0,Tue,12,0,0,D-210,Чизкейк,dessert,230,80.5,1,Clear,19,0,W-03,4,,0.65,149.5,2023-11-14
T1044,2023-11-16 13:48:00,C-469,18-24,1,Thu,13,0,0,D-249,Какао,beverage,156,51.48,3,Cloudy,25,0,W-01,4,4.0,0.67,313.56000000000006,2023-11-16
T1045,2023-11-25 16:06:00,C-152,25-34,0,Sat,16,1,0,D-395,Салат Цезарь,snack,326,123.88,1,Sunny,17,0,W-08,4,4.0,0.62,202.12,2023-11-25
T1046,2023-10-10 17:19:00,C-733,18-24,1,Tue,17,0,0,D-256,Латте,coffee,180,54.0,1,Sunny,24,0,W-10,5,4.0,0.7,126.0,2023-10-10
T1047,2023-11-17 09:48:00,C-176,18-24,1,Fri,9,0,0,D-247,Маффин,bakery,113,33.9,1,Rainy,22,1,W-01,1,4.0,0.7,79.1,2023-11-17
T1048,2023-10-05 15:59:00,C-217,25-34,0,Thu,15,0,0,D-130,Медовик,dessert,360,126.0,1,Cloudy,19,0,W-03,3,,0.65,234.0,2023-10-05
T1049,2023-11-08 16:36:00,C-378,25-34,1,Wed,16,0,0,D-409,Макарон,dessert,231,80.85,1,Rainy,15,0,W-07,5,4.0,0.65,150.15,2023-11-08
T1050,2023-10-06 11:43:00,C-631,35-44,0,Fri,11,0,0,D-340,Салат Цезарь,snack,248,94.24,1,Rainy,21,0,W-08,4,5.0,0.62,153.76,2023-10-06
T1051,2023-10-22 12:06:00,C-510,35-44,1,Sun,12,1,0,D-495,Суп-пюре,snack,264,100.32,1,Clear,23,0,W-06,4,4.0,0.62,163.68,2023-10-22
T1052,2023-11-22 19:42:00,C-610,25-34,0,Wed,19,0,0,D-457,Салат Греческий,snack,285,108.3,1,Clear,16,0,W-05,7,5.0,0.62,176.7,2023-11-22
T1053,2023-10-02 19:38:00,C-330,45-54,0,Mon,19,0,0,D-466,Суп-пюре,snack,220,83.6,1,Rainy,23,1,W-03,7,4.0,0.62,136.4,2023-10-02
T1054,2023-11-15 11:53:00,C-713,25-34,0,Wed,11,0,0,D-274,Сэндвич с лососем,sandwich,312,124.8,1,Rainy,15,1,W-05,8,,0.6,187.2,2023-11-15
T1055,2023-10-19 16:53:00,C-453,25-34,0,Thu,16,0,0,D-222,Какао,beverage,204,67.32,1,Clear,18,1,W-04,4,3.0,0.67,136.68,2023-10-19
T1056,2023-11-24 16:02:00,C-779,35-44,0,Fri,16,0,0,D-151,Панна котта,dessert,321,112.35,1,Clear,16,0,W-03,5,3.0,0.65,208.65,2023-11-24
T1057,2023-11-03 18:00:00,C-900,45-54,1,Fri,18,0,0,D-373,Чай с мятой,tea,152,45.6,2,Clear,20,0,W-06,3,5.0,0.7,212.8,2023-11-03
T1058,2023-11-10 15:48:00,,,0,Fri,15,0,0,D-150,Куриный сэндвич,sandwich,408,163.2,1,Sunny,22,0,W-02,8,,0.6,244.8,2023-11-10
T1059,2023-10-11 15:57:00,C-249,18-24,1,Wed,15,0,0,D-412,Капучино,coffee,233,69.9,1,Clear,24,1,W-03,2,4.0,0.7,163.1,2023-10-11
T1060,2023-11-13 11:58:00,C-109,35-44,1,Mon,11,0,0,D-276,Смузи,beverage,149,49.17,1,Rainy,25,1,W-02,3,5.0,0.67,99.83,2023-11-13
T1061,2023-10-28 15:29:00,C-490,25-34,1,Sat,15,1,0,D-437,Кесадилья,snack,230,87.4,3,Clear,19,0,W-05,4,,0.62,427.79999999999995,2023-10-28
T1062,2023-10-01 13:43:00,,,0,Sun,13,1,0,D-280,Салат Цезарь,snack,335,127.3,1,Cloudy,25,0,W-04,8,,0.62,207.7,2023-10-01
T1063,2023-10-13 14:43:00,C-907,25-34,1,Fri,14,0,0,D-267,Суп-пюре,snack,340,129.2,1,Clear,17,0,W-02,6,,0.62,210.8,2023-10-13
T1064,2023-10-13 10:34:00,C-944,45-54,0,Fri,10,0,0,D-138,Эклер,dessert,328,114.8,2,Cloudy,18,0,W-02,6,3.0,0.65,426.4,2023-10-13
T1065,2023-11-25 15:43:00,C-565,25-34,0,Sat,15,1,0,D-445,Вегетарианский сэндвич,sandwich,273,109.2,1,Cloudy,22,1,W-06,5,4.0,0.6,163.8,2023-11-25
T1066,2023-10-02 14:35:00,C-817,25-34,1,Mon,14,0,0,D-159,Эклер,dessert,256,89.6,1,Sunny,18,0,W-05,6,3.0,0.65,166.4,2023-10-02
T1067,2023-11-26 13:24:00,C-701,35-44,1,Sun,13,1,0,D-308,Вегетарианский сэндвич,sandwich,421,168.4,2,Rainy,15,0,W-08,9,4.0,0.6,505.2,2023-11-26
T1068,2023-11-14 12:28:00,C-760,25-34,1,Tue,12,0,0,D-439,Клаб-сэндвич,sandwich,342,136.8,1,Cloudy,25,0,W-08,5,4.0,0.6,205.2,2023-11-14
T1069,2023-11-10 14:01:00,C-170,35-44,1,Fri,14,0,0,D-496,Мокко,coffee,235,70.5,1,Cloudy,24,1,W-04,4,3.0,0.7,164.5,2023-11-10
T1070,2023-10-01 11:09:00,,,0,Sun,11,1,0,D-265,Булочка с корицей,bakery,112,33.6,1,Sunny,17,1,W-04,3,4.0,0.7,78.4,2023-10-01
T1071,2023-10-17 09:47:00,C-707,18-24,1,Tue,9,0,0,D-437,Куриный сэндвич,sandwich,440,176.0,1,Rainy,22,0,W-01,10,,0.6,264.0,2023-10-17
T1072,2023-11-11 19:03:00,,,0,Sat,19,1,0,D-133,Сэндвич с лососем,sandwich,359,143.6,1,Cloudy,19,0,W-10,6,4.0,0.6,215.4,2023-11-11
T1073,2023-11-09 14:35:00,C-719,25-34,0,Thu,14,0,0,D-210,Черный чай,tea,148,44.4,3,Clear,22,0,W-09,3,5.0,0.7,310.79999999999995,2023-11-09
T1074,2023-11-26 11:21:00,C-781,25-34,0,Sun,11,1,0,D-147,Салат Греческий,snack,282,107.16,1,Clear,16,1,W-02,4,4.0,0.62,174.84,2023-11-26
T1075,2023-11-17 16:51:00,C-225,25-34,0,Fri,16,0,0,D-126,Булочка с корицей,bakery,87,26.1,1,Rainy,24,0,W-07,3,,0.7,60.9,2023-11-17
T1076,2023-10-20 12:36:00,C-965,25-34,1,Fri,12,0,0,D-492,Смузи,beverage,139,45.87,1,Sunny,24,1,W-07,4,4.0,0.67,93.13,2023-10-20
T1077,2023-11-29 14:44:00,,,0,Wed,14,0,0,D-135,Тирамису,dessert,246,86.1,1,Cloudy,25,0,W-03,6,4.0,0.65,159.9,2023-11-29
T1078,2023-10-02 09:33:00,C-432,35-44,1,Mon,9,0,0,D-125,Бейгл,bakery,133,39.9,1,Sunny,19,1,W-03,3,4.0,0.7,93.1,2023-10-02
T1079,2023-10-29 14:31:00,C-540,18-24,0,Sun,14,1,0,D-212,Мохито безалкогольный,beverage,173,57.09,1,Clear,24,0,W-05,2,5.0,0.67,115.91,2023-10-29
T1080,2023-10-04 08:19:00,C-864,25-34,1,Wed,8,0,0,D-281,Маффин,bakery,177,53.1,1,Sunny,21,0,W-09,3,4.0,0.7,123.9,2023-10-04
T1081,2023-11-25 16:27:00,C-826,25-34,1,Sat,16,1,0,D-453,Эспрессо,coffee,169,50.7,2,Rainy,16,0,W-03,5,3.0,0.7,236.6,2023-11-25
T1082,2023-10-28 17:15:00,,,0,Sat,17,1,0,D-424,Сэндвич с лососем,sandwich,384,153.6,1,Sunny,23,0,W-02,9,5.0,0.6,230.4,2023-10-28
T1083,2023-11-02 10:49:00,C-205,18-24,1,Thu,10,0,0,D-495,Брауни,dessert,386,135.1,3,Clear,22,0,W-02,4,5.0,0.65,752.7,2023-11-02
T1084,2023-11-18 13:37:00,C-746,25-34,1,Sat,13,1,0,D-331,Вегетарианский сэндвич,sandwich,410,164.0,1,Sunny,15,0,W-05,8,5.0,0.6,246.0,2023-11-18
T1085,2023-10-24 17:04:00,C-910,35-44,1,Tue,17,0,0,D-196,Зеленый чай,tea,178,53.4,1,Rainy,24,0,W-10,3,,0.7,124.6,2023-10-24
T1086,2023-10-31 13:03:00,C-140,18-24,1,Tue,13,0,0,D-290,Куриный сэндвич,sandwich,337,134.8,3,Rainy,21,1,W-03,7,5.0,0.6,606.5999999999999,2023-10-31
T1087,2023-10-27 16:43:00,C-794,25-34,1,Fri,16,0,0,D-270,Лимонад,beverage,200,66.0,1,Sunny,24,1,W-10,2,,0.67,134.0,2023-10-27
T1088,2023-11-12 10:22:00,,,0,Sun,10,1,0,D-443,Панна котта,dessert,378,132.3,1,Sunny,25,1,W-06,4,5.0,0.65,245.7,2023-11-12
T1089,2023-11-12 12:23:00,,,0,Sun,12,1,0,D-139,Американо,coffee,229,68.7,1,Rainy,16,1,W-03,3,4.0,0.7,160.3,2023-11-12
T1090,2023-11-02 16:53:00,C-485,18-24,1,Thu,16,0,0,D-324,Зеленый чай,tea,184,55.2,1,Sunny,21,0,W-03,3,5.0,0.7,128.8,2023-11-02
T1091,2023-10-24 15:15:00,C-416,45-54,0,Tue,15,0,0,D-447,Вегетарианский сэндвич,sandwich,442,176.8,1,Clear,22,0,W-04,7,,0.6,265.2,2023-10-24
T1092,2023-11-19 11:24:00,,,0,Sun,11,1,0,D-383,Какао,beverage,173,57.09,3,Sunny,23,0,W-08,3,4.0,0.67,347.73,2023-11-19
T1093,2023-11-24 09:05:00,,,0,Fri,9,0,0,D-113,Суп-пюре,snack,249,94.62,1,Clear,15,0,W-08,6,3.0,0.62,154.38,2023-11-24
T1094,2023-10-26 13:15:00,C-831,25-34,0,Thu,13,0,0,D-171,Куриный сэндвич,sandwich,345,138.0,1,Clear,22,0,W-08,10,4.0,0.6,207.0,2023-10-26
T1095,2023-11-09 08:05:00,,,0,Thu,8,0,0,D-254,Американо,coffee,205,61.5,2,Sunny,15,0,W-05,3,4.0,0.7,287.0,2023-11-09
T1096,2023-10-16 12:50:00,C-116,25-34,1,Mon,12,0,0,D-100,Мохито безалкогольный,beverage,128,42.24,1,Rainy,18,0,W-05,3,,0.67,85.75999999999999,2023-10-16
T1097,2023-11-06 12:42:00,C-619,35-44,1,Mon,12,0,0,D-298,Зеленый чай,tea,167,50.1,3,Rainy,19,1,W-01,3,3.0,0.7,350.70000000000005,2023-11-06
T1098,2023-11-17 08:50:00,,,0,Fri,8,0,0,D-122,Американо,coffee,211,63.3,1,Rainy,23,0,W-06,3,,0.7,147.7,2023-11-17
T1099,2023-10-22 17:11:00,C-894,45-54,1,Sun,17,1,0,D-258,Салат Греческий,snack,302,114.76,1,Clear,23,0,W-01,6,5.0,0.62,187.24,2023-10-22
T1100,2023-10-31 11:48:00,,,0,Tue,11,0,0,D-304,Чай с мятой,tea,136,40.8,1,Clear,21,0,W-06,2,4.0,0.7,95.2,2023-10-31
T1101,2023-10-22 19:31:00,,,0,Sun,19,1,0,D-408,Фруктовый чай,tea,147,44.1,2,Cloudy,23,0,W-02,2,,0.7,205.8,2023-10-22
T1102,2023-10-19 12:05:00,C-806,25-34,1,Thu,12,0,0,D-240,Панна котта,dessert,275,96.25,1,Sunny,16,0,W-06,6,,0.65,178.75,2023-10-19
T1103,2023-11-12 14:23:00,,,0,Sun,14,1,0,D-296,Смузи,beverage,123,40.59,1,Sunny,24,0,W-06,3,4.0,0.67,82.41,2023-11-12
T1104,2023-10-10 15:23:00,C-421,25-34,1,Tue,15,0,0,D-387,Макарон,dessert,395,138.25,1,Sunny,19,1,W-08,6,5.0,0.65,256.75,2023-10-10
T1105,2023-11-19 11:28:00,C-238,35-44,1,Sun,11,1,0,D-449,Булочка с корицей,bakery,116,34.8,1,Rainy,25,0,W-08,1,,0.7,81.2,2023-11-19
T1106,2023-10-23 15:35:00,,,0,Mon,15,0,0,D-162,Айс-кофе,beverage,158,52.14,2,Cloudy,17,0,W-09,2,5.0,0.67,211.72,2023-10-23
T1107,2023-10-16 16:01:00,C-726,35-44,1,Mon,16,0,0,D-493,Эклер,dessert,346,121.1,1,Clear,24,0,W-08,6,5.0,0.65,224.9,2023-10-16
T1108,2023-10-05 09:20:00,C-948,35-44,0,Thu,9,0,0,D-128,Зеленый чай,tea,157,47.1,1,Sunny,23,0,W-07,3,3.0,0.7,109.9,2023-10-05
T1109,2023-10-10 11:10:00,,,0,Tue,11,0,0,D-425,Панна котта,dessert,257,89.95,1,Rainy,17,0,W-05,4,,0.65,167.05,2023-10-10
T1110,2023-11-10 11:34:00,C-739,35-44,0,Fri,11,0,0,D-114,Раф,coffee,193,57.9,1,Sunny,15,0,W-10,2,,0.7,135.1,2023-11-10
T1111,2023-11-30 14:36:00,C-609,35-44,1,Thu,14,0,0,D-252,Панна котта,dessert,253,88.55,1,Clear,16,0,W-04,6,4.0,0.65,164.45,2023-11-30
T1112,2023-11-14 09:28:00,C-835,25-34,0,Tue,9,0,0,D-387,Сэндвич с лососем,sandwich,368,147.2,1,Sunny,20,0,W-06,9,4.0,0.6,220.8,2023-11-14
T1113,2023-10-16 13:17:00,C-730,25-34,0,Mon,13,0,0,D-469,Клаб-сэндвич,sandwich,286,114.4,1,Rainy,18,1,W-06,9,,0.6,171.6,2023-10-16
T1114,2023-11-18 10:32:00,C-568,45-54,1,Sat,10,1,0,D-434,Сэндвич с лососем,sandwich,328,131.2,1,Clear,19,1,W-08,9,4.0,0.6,196.8,2023-11-18
T1115,2023-11-04 08:06:00,C-510,18-24,1,Sat,8,1,0,D-330,Клаб-сэндвич,sandwich,317,126.8,1,Rainy,24,0,W-07,9,4.0,0.6,190.2,2023-11-04
T1116,2023-11-13 14:08:00,,,0,Mon,14,0,0,D-356,Эспрессо,coffee,245,73.5,1,Sunny,15,0,W-04,5,,0.7,171.5,2023-11-13
T1117,2023-10-03 10:21:00,C-435,45-54,1,Tue,10,0,0,D-272,Салат Греческий,snack,312,118.56,1,Clear,24,0,W-05,8,5.0,0.62,193.44,2023-10-03
T1118,2023-10-20 13:01:00,C-842,35-44,0,Fri,13,0,0,D-469,Брауни,dessert,372,130.2,1,Sunny,24,0,W-10,4,4.0,0.65,241.8,2023-10-20
T1119,2023-10-31 10:40:00,C-817,18-24,1,Tue,10,0,0,D-356,Фруктовый чай,tea,118,35.4,2,Clear,15,1,W-04,2,4.0,0.7,165.2,2023-10-31
T1120,2023-11-15 10:13:00,,,0,Wed,10,0,0,D-446,Айс-кофе,beverage,204,67.32,1,Rainy,24,0,W-09,3,5.0,0.67,136.68,2023-11-15
T1121,2023-10-31 10:15:00,C-395,35-44,0,Tue,10,0,0,D-247,Эклер,dessert,276,96.6,1,Sunny,24,0,W-09,5,4.0,0.65,179.4,2023-10-31
T1122,2023-11-13 13:57:00,C-831,18-24,0,Mon,13,0,0,D-375,Вегетарианский сэндвич,sandwich,447,178.8,2,Rainy,23,1,W-04,6,5.0,0.6,536.4,2023-11-13
T1123,2023-11-14 11:06:00,C-753,18-24,1,Tue,11,0,0,D-381,Какао,beverage,150,49.5,1,Cloudy,21,0,W-03,2,4.0,0.67,100.5,2023-11-14
T1124,2023-11-11 18:56:00,C-761,18-24,0,Sat,18,1,0,D-313,Сэндвич с лососем,sandwich,416,166.4,1,Cloudy,15,0,W-01,6,4.0,0.6,249.6,2023-11-11
T1125,2023-11-23 12:31:00,C-443,25-34,0,Thu,12,0,0,D-339,Печенье,bakery,84,25.2,1,Rainy,18,0,W-03,3,4.0,0.7,58.8,2023-11-23
T1126,2023-11-21 09:10:00,,,0,Tue,9,0,0,D-487,Фруктовый чай,tea,182,54.6,1,Cloudy,17,1,W-10,3,,0.7,127.4,2023-11-21
T1127,2023-11-09 17:57:00,C-243,25-34,0,Thu,17,0,0,D-268,Сэндвич с лососем,sandwich,381,152.4,1,Rainy,24,0,W-08,7,4.0,0.6,228.6,2023-11-09
T1128,2023-11-16 13:16:00,C-263,25-34,1,Thu,13,0,0,D-160,Черный чай,tea,188,56.4,1,Rainy,20,0,W-05,3,,0.7,131.6,2023-11-16
T1129,2023-11-09 11:08:00,C-662,45-54,0,Thu,11,0,0,D-448,Клаб-сэндвич,sandwich,366,146.4,1,Sunny,23,0,W-04,6,,0.6,219.6,2023-11-09
T1130,2023-10-29 13:23:00,C-686,25-34,1,Sun,13,1,0,D-448,Раф,coffee,178,53.4,1,Cloudy,24,0,W-08,2,,0.7,124.6,2023-10-29
T1131,2023-11-01 09:32:00,C-672,25-34,0,Wed,9,0,0,D-101,Куриный сэндвич,sandwich,366,146.4,1,Cloudy,24,0,W-07,7,,0.6,219.6,2023-11-01
T1132,2023-10-05 09:22:00,C-583,18-24,1,Thu,9,0,0,D-295,Зеленый чай,tea,169,50.7,3,Clear,21,0,W-07,2,,0.7,354.9,2023-10-05
T1133,2023-10-25 09:42:00,,,0,Wed,9,0,0,D-487,Суп-пюре,snack,347,131.86,2,Sunny,19,1,W-04,4,4.0,0.62,430.28,2023-10-25
T1134,2023-10-30 15:34:00,C-996,35-44,1,Mon,15,0,0,D-492,Сэндвич с лососем,sandwich,308,123.2,1,Sunny,18,0,W-07,9,,0.6,184.8,2023-10-30
T1135,2023-10-14 09:38:00,C-652,18-24,0,Sat,9,1,0,D-474,Эспрессо,coffee,162,48.6,1,Rainy,24,1,W-05,3,5.0,0.7,113.4,2023-10-14
T1136,2023-11-08 16:52:00,C-523,25-34,1,Wed,16,0,0,D-384,Чизкейк,dessert,277,96.95,2,Clear,15,0,W-03,6,,0.65,360.1,2023-11-08
T1137,2023-10-23 18:42:00,C-872,25-34,1,Mon,18,0,0,D-129,Вегетарианский сэндвич,sandwich,428,171.2,1,Clear,21,1,W-03,8,3.0,0.6,256.8,2023-10-23
T1138,2023-11-05 13:24:00,C-479,18-24,0,Sun,13,1,0,D-120,Печенье,bakery,106,31.8,1,Sunny,18,1,W-10,3,4.0,0.7,74.2,2023-11-05
T1139,2023-11-21 16:46:00,C-115,18-24,1,Tue,16,0,0,D-456,Чай с мятой,tea,161,48.3,1,Cloudy,21,0,W-08,1,,0.7,112.7,2023-11-21
T1140,2023-11-28 11:20:00,C-468,25-34,1,Tue,11,0,0,D-204,Кесадилья,snack,277,105.26,1,Rainy,20,0,W-08,6,3.0,0.62,171.74,2023-11-28
T1141,2023-10-27 09:55:00,C-527,25-34,1,Fri,9,0,0,D-381,Маффин,bakery,82,24.6,1,Rainy,19,0,W-04,2,5.0,0.7,57.4,2023-10-27
T1142,2023-11-18 17:46:00,C-837,25-34,1,Sat,17,1,0,D-117,Фруктовый чай,tea,158,47.4,1,Sunny,25,0,W-01,3,,0.7,110.6,2023-11-18
T1143,2023-10-04 16:26:00,C-482,18-24,0,Wed,16,0,0,D-349,Маффин,bakery,88,26.4,1,Sunny,15,1,W-08,3,,0.7,61.6,2023-10-04
T1144,2023-11-04 13:00:00,C-814,35-44,0,Sat,13,1,0,D-368,Раф,coffee,220,66.0,1,Cloudy,18,1,W-02,2,,0.7,154.0,2023-11-04
T1145,2023-10-13 14:16:00,,,0,Fri,14,0,0,D-450,Кесадилья,snack,248,94.24,1,Sunny,25,1,W-04,6,4.0,0.62,153.76,2023-10-13
T1146,2023-11-24 14:02:00,C-819,18-24,1,Fri,14,0,0,D-370,Эспрессо,coffee,247,74.1,1,Sunny,18,0,W-10,2,5.0,0.7,172.9,2023-11-24
T1147,2023-10-14 18:44:00,,,0,Sat,18,1,0,D-116,Мохито безалкогольный,beverage,154,50.82,1,Cloudy,20,1,W-10,4,,0.67,103.18,2023-10-14
T1148,2023-10-02 18:37:00,C-969,25-34,0,Mon,18,0,0,D-470,Бейгл,bakery,89,26.7,1,Sunny,23,0,W-03,3,5.0,0.7,62.3,2023-10-02
T1149,2023-11-17 19:03:00,,,0,Fri,19,0,0,D-115,Эспрессо,coffee,209,62.7,2,Rainy,22,0,W-07,4,,0.7,292.6,2023-11-17
T1150,2023-11-01 11:35:00,C-733,25-34,1,Wed,11,0,0,D-424,Сэндвич с лососем,sandwich,297,118.8,1,Cloudy,21,0,W-07,10,4.0,0.6,178.2,2023-11-01
T1151,2023-10-21 12:05:00,C-291,25-34,1,Sat,12,1,0,D-383,Американо,coffee,263,78.9,1,Sunny,24,1,W-02,4,4.0,0.7,184.1,2023-10-21
T1152,2023-11-08 16:55:00,,,0,Wed,16,0,0,D-366,Куриный сэндвич,sandwich,324,129.6,1,Cloudy,25,0,W-04,9,3.0,0.6,194.4,2023-11-08
T1153,2023-10-25 10:17:00,C-406,25-34,1,Wed,10,0,0,D-334,Брауни,dessert,326,114.1,1,Sunny,17,1,W-08,4,4.0,0.65,211.9,2023-10-25
T1154,2023-10-20 08:25:00,C-540,35-44,0,Fri,8,0,0,D-264,Медовик,dessert,358,125.3,1,Cloudy,22,0,W-03,5,,0.65,232.7,2023-10-20
T1155,2023-10-21 10:25:00,C-348,25-34,1,Sat,10,1,0,D-388,Брауни,dessert,388,135.8,1,Cloudy,24,0,W-06,3,,0.65,252.2,2023-10-21
T1156,2023-11-04 10:49:00,C-398,35-44,1,Sat,10,1,0,D-355,Лимонад,beverage,213,70.29,1,Cloudy,25,0,W-07,4,,0.67,142.70999999999998,2023-11-04
T1157,2023-10-20 11:42:00,C-510,25-34,0,Fri,11,0,0,D-118,Бейгл,bakery,128,38.4,1,Rainy,23,0,W-07,3,,0.7,89.6,2023-10-20
T1158,2023-11-08 14:05:00,C-145,25-34,0,Wed,14,0,0,D-154,Мокко,coffee,213,63.9,1,Sunny,16,0,W-06,5,3.0,0.7,149.1,2023-11-08
T1159,2023-10-17 11:47:00,C-574,35-44,1,Tue,11,0,0,D-153,Какао,beverage,194,64.02,1,Rainy,21,1,W-01,3,4.0,0.67,129.98000000000002,2023-10-17
T1160,2023-11-28 18:07:00,C-594,25-34,1,Tue,18,0,0,D-134,Суп-пюре,snack,269,102.22,1,Rainy,15,0,W-08,6,,0.62,166.78,2023-11-28
T1161,2023-11-21 15:01:00,,,0,Tue,15,0,0,D-382,Кесадилья,snack,345,131.1,1,Cloudy,20,0,W-09,5,,0.62,213.9,2023-11-21
T1162,2023-11-05 12:29:00,C-129,35-44,0,Sun,12,1,0,D-209,Бейгл,bakery,160,48.0,1,Cloudy,19,0,W-01,3,4.0,0.7,112.0,2023-11-05
T1163,2023-11-18 15:50:00,C-301,25-34,1,Sat,15,1,0,D-405,Раф,coffee,176,52.8,1,Clear,24,0,W-09,4,,0.7,123.2,2023-11-18
T1164,2023-10-26 13:22:00,,,0,Thu,13,0,0,D-260,Медовик,dessert,317,110.95,1,Sunny,18,0,W-02,4,5.0,0.65,206.05,2023-10-26
T1165,2023-10-20 09:23:00,C-533,18-24,0,Fri,9,0,0,D-185,Чай с мятой,tea,165,49.5,1,Clear,19,0,W-03,3,5.0,0.7,115.5,2023-10-20
T1166,2023-10-09 10:53:00,C-493,45-54,1,Mon,10,0,0,D-327,Куриный сэндвич,sandwich,341,136.4,3,Clear,17,0,W-07,10,5.0,0.6,613.8,2023-10-09
T1167,2023-10-06 13:50:00,C-899,25-34,0,Fri,13,0,0,D-157,Суп-пюре,snack,254,96.52,1,Sunny,19,1,W-09,8,,0.62,157.48000000000002,2023-10-06
T1168,2023-11-19 13:23:00,,,0,Sun,13,1,0,D-116,Лимонад,beverage,217,71.61,1,Clear,19,0,W-04,3,3.0,0.67,145.39,2023-11-19
T1169,2023-10-23 17:05:00,,,0,Mon,17,0,0,D-319,Куриный сэндвич,sandwich,448,179.2,2,Cloudy,24,1,W-10,10,3.0,0.6,537.6,2023-10-23
T1170,2023-10-09 16:52:00,C-431,45-54,1,Mon,16,0,0,D-148,Круассан,bakery,152,45.6,1,Cloudy,21,1,W-09,3,3.0,0.7,106.4,2023-10-09
T1171,2023-11-28 09:17:00,,,0,Tue,9,0,0,D-172,Суп-пюре,snack,213,80.94,1,Rainy,25,0,W-07,7,,0.62,132.06,2023-11-28
T1172,2023-10-27 12:04:00,,,0,Fri,12,0,0,D-101,Зеленый чай,tea,151,45.3,1,Sunny,22,1,W-06,3,3.0,0.7,105.7,2023-10-27
T1173,2023-11-10 14:22:00,,,0,Fri,14,0,0,D-380,Салат Цезарь,snack,316,120.08,1,Cloudy,24,0,W-05,6,4.0,0.62,195.92000000000002,2023-11-10
T1174,2023-11-24 13:21:00,C-227,45-54,1,Fri,13,0,0,D-452,Зеленый чай,tea,105,31.5,1,Cloudy,25,0,W-07,1,3.0,0.7,73.5,2023-11-24
T1175,2023-10-20 10:59:00,C-764,18-24,1,Fri,10,0,0,D-435,Тирамису,dessert,367,128.45,1,Sunny,16,1,W-04,6,5.0,0.65,238.55,2023-10-20
T1176,2023-10-01 11:04:00,C-451,35-44,0,Sun,11,1,0,D-296,Булочка с корицей,bakery,108,32.4,1,Sunny,16,0,W-02,1,4.0,0.7,75.6,2023-10-01
T1177,2023-10-07 11:56:00,C-793,18-24,1,Sat,11,1,0,D-469,Чизкейк,dessert,297,103.95,1,Cloudy,25,0,W-08,5,5.0,0.65,193.05,2023-10-07
T1178,2023-11-17 10:26:00,,,0,Fri,10,0,0,D-171,Мохито безалкогольный,beverage,147,48.51,1,Cloudy,19,1,W-07,3,4.0,0.67,98.49000000000001,2023-11-17
T1179,2023-11-11 09:35:00,C-968,35-44,0,Sat,9,1,0,D-300,Какао,beverage,212,69.96,1,Rainy,25,0,W-04,4,5.0,0.67,142.04000000000002,2023-11-11
T1180,2023-10-04 16:50:00,C-640,35-44,1,Wed,16,0,0,D-315,Бейгл,bakery,129,38.7,1,Rainy,23,0,W-07,3,4.0,0.7,90.3,2023-10-04
T1181,2023-11-13 10:30:00,C-161,45-54,1,Mon,10,0,0,D-459,Салат Цезарь,snack,184,69.92,1,Clear,16,1,W-07,7,5.0,0.62,114.08,2023-11-13
T1182,2023-11-10 13:39:00,C-927,18-24,1,Fri,13,0,0,D-457,Печенье,bakery,90,27.0,1,Clear,18,0,W-02,2,5.0,0.7,63.0,2023-11-10
T1183,2023-10-04 11:59:00,C-773,35-44,1,Wed,11,0,0,D-354,Куриный сэндвич,sandwich,366,146.4,1,Rainy,23,1,W-01,6,,0.6,219.6,2023-10-04
T1184,2023-11-03 16:46:00,C-220,35-44,1,Fri,16,0,0,D-234,Чизкейк,dessert,295,103.25,1,Sunny,22,0,W-05,3,,0.65,191.75,2023-11-03
T1185,2023-10-30 13:03:00,,,0,Mon,13,0,0,D-122,Клаб-сэндвич,sandwich,344,137.6,1,Sunny,18,0,W-09,5,4.0,0.6,206.4,2023-10-30
T1186,2023-10-03 13:24:00,,,0,Tue,13,0,0,D-263,Маффин,bakery,84,25.2,1,Rainy,16,0,W-07,3,4.0,0.7,58.8,2023-10-03
T1187,2023-11-06 12:32:00,C-510,18-24,1,Mon,12,0,0,D-383,Зеленый чай,tea,122,36.6,1,Clear,15,0,W-06,1,3.0,0.7,85.4,2023-11-06
T1188,2023-10-24 10:36:00,,,0,Tue,10,0,0,D-489,Кесадилья,snack,339,128.82,1,Cloudy,17,0,W-04,8,,0.62,210.18,2023-10-24
T1189,2023-10-01 18:01:00,C-443,18-24,0,Sun,18,1,0,D-205,Булочка с корицей,bakery,124,37.2,1,Cloudy,21,0,W-05,1,,0.7,86.8,2023-10-01
T1190,2023-11-01 18:09:00,,,0,Wed,18,0,0,D-143,Черный чай,tea,111,33.3,1,Sunny,23,1,W-08,3,3.0,0.7,77.7,2023-11-01
T1191,2023-10-09 14:25:00,C-398,25-34,1,Mon,14,0,0,D-331,Раф,coffee,295,88.5,1,Rainy,18,0,W-06,4,,0.7,206.5,2023-10-09
T1192,2023-10-05 18:08:00,C-223,25-34,0,Thu,18,0,0,D-146,Салат Цезарь,snack,219,83.22,1,Cloudy,25,0,W-05,4,4.0,0.62,135.78,2023-10-05
T1193,2023-10-20 17:44:00,C-354,45-54,1,Fri,17,0,0,D-307,Лимонад,beverage,147,48.51,2,Clear,23,0,W-03,2,4.0,0.67,196.98000000000002,2023-10-20
T1194,2023-11-17 13:06:00,,,0,Fri,13,0,0,D-451,Куриный сэндвич,sandwich,285,114.0,1,Sunny,24,1,W-07,7,4.0,0.6,171.0,2023-11-17
T1195,2023-11-07 11:52:00,,,0,Tue,11,0,0,D-121,Капучино,coffee,166,49.8,1,Clear,15,0,W-06,2,3.0,0.7,116.2,2023-11-07
T1196,2023-10-11 18:27:00,C-319,45-54,1,Wed,18,0,0,D-415,Салат Греческий,snack,307,116.66,1,Cloudy,25,0,W-10,8,4.0,0.62,190.34,2023-10-11
T1197,2023-10-19 13:56:00,C-758,35-44,1,Thu,13,0,0,D-500,Мохито безалкогольный,beverage,127,41.91,1,Rainy,22,0,W-01,3,3.0,0.67,85.09,2023-10-19
T1198,2023-11-04 16:22:00,C-324,18-24,0,Sat,16,1,0,D-283,Какао,beverage,161,53.13,1,Cloudy,17,1,W-08,4,3.0,0.67,107.87,2023-11-04
T1199,2023-10-07 11:15:00,C-966,45-54,1,Sat,11,1,0,D-221,Эклер,dessert,388,135.8,1,Rainy,20,0,W-03,4,,0.65,252.2,2023-10-07
T1200,2023-11-28 13:45:00,C-929,35-44,1,Tue,13,0,0,D-219,Черный чай,tea,172,51.6,1,Cloudy,15,0,W-02,1,4.0,0.7,120.4,2023-11-28
T1201,2023-11-03 13:21:00,,,0,Fri,13,0,0,D-175,Смузи,beverage,136,44.88,1,Cloudy,16,1,W-01,2,,0.67,91.12,2023-11-03
T1202,2023-11-24 13:23:00,C-261,35-44,1,Fri,13,0,0,D-462,Американо,coffee,251,75.3,1,Rainy,18,0,W-06,3,4.0,0.7,175.7,2023-11-24
T1203,2023-11-12 13:11:00,,,0,Sun,13,1,0,D-494,Вегетарианский сэндвич,sandwich,437,174.8,1,Sunny,17,1,W-10,8,,0.6,262.2,2023-11-12
T1204,2023-11-08 12:51:00,C-863,18-24,1,Wed,12,0,0,D-443,Смузи,beverage,201,66.33,1,Rainy,22,0,W-02,4,5.0,0.67,134.67000000000002,2023-11-08
T1205,2023-10-01 11:15:00,C-495,25-34,1,Sun,11,1,0,D-379,Зеленый чай,tea,144,43.2,1,Clear,16,1,W-07,2,4.0,0.7,100.8,2023-10-01
T1206,2023-11-23 13:55:00,C-120,25-34,0,Thu,13,0,0,D-474,Смузи,beverage,140,46.2,1,Sunny,23,0,W-07,2,4.0,0.67,93.8,2023-11-23
T1207,2023-11-30 18:05:00,C-769,18-24,0,Thu,18,0,0,D-309,Эклер,dessert,357,124.95,2,Rainy,25,0,W-04,4,4.0,0.65,464.1,2023-11-30
T1208,2023-10-19 11:06:00,C-103,25-34,1,Thu,11,0,0,D-113,Эспрессо,coffee,296,88.8,1,Cloudy,17,0,W-04,2,5.0,0.7,207.2,2023-10-19
T1209,2023-11-10 11:05:00,,,0,Fri,11,0,0,D-289,Куриный сэндвич,sandwich,328,131.2,1,Clear,20,0,W-07,6,5.0,0.6,196.8,2023-11-10
T1210,2023-10-12 12:16:00,C-870,35-44,1,Thu,12,0,0,D-216,Сэндвич с лососем,sandwich,317,126.8,1,Sunny,21,1,W-07,9,3.0,0.6,190.2,2023-10-12
T1211,2023-11-22 13:34:00,C-974,35-44,1,Wed,13,0,0,D-417,Фруктовый чай,tea,173,51.9,2,Cloudy,16,0,W-10,3,,0.7,242.2,2023-11-22
T1212,2023-11-30 16:11:00,,,0,Thu,16,0,0,D-232,Маффин,bakery,104,31.2,1,Rainy,16,0,W-03,3,3.0,0.7,72.8,2023-11-30
T1213,2023-10-06 12:25:00,C-817,25-34,1,Fri,12,0,0,D-401,Айс-кофе,beverage,155,51.15,1,Sunny,16,0,W-03,4,4.0,0.67,103.85,2023-10-06
T1214,2023-11-06 16:50:00,C-770,25-34,0,Mon,16,0,0,D-119,Медовик,dessert,337,117.95,2,Clear,20,0,W-03,6,4.0,0.65,438.1,2023-11-06
T1215,2023-11-14 11:47:00,C-387,35-44,0,Tue,11,0,0,D-253,Вегетарианский сэндвич,sandwich,345,138.0,1,Clear,20,0,W-04,6,3.0,0.6,207.0,2023-11-14
T1216,2023-10-18 16:38:00,C-596,35-44,0,Wed,16,0,0,D-133,Зеленый чай,tea,124,37.2,1,Rainy,23,0,W-09,1,,0.7,86.8,2023-10-18
T1217,2023-10-26 10:54:00,C-159,18-24,1,Thu,10,0,0,D-288,Какао,beverage,123,40.59,1,Clear,23,0,W-04,3,,0.67,82.41,2023-10-26
T1218,2023-10-26 14:07:00,C-991,25-34,1,Thu,14,0,0,D-452,Зеленый чай,tea,130,39.0,1,Sunny,19,0,W-05,3,3.0,0.7,91.0,2023-10-26
T1219,2023-10-02 12:10:00,C-519,25-34,0,Mon,12,0,0,D-167,Суп-пюре,snack,236,89.68,1,Cloudy,24,0,W-01,7,,0.62,146.32,2023-10-02
T1220,2023-11-21 08:16:00,C-485,35-44,1,Tue,8,0,0,D-303,Айс-кофе,beverage,211,69.63,3,Sunny,15,0,W-09,4,4.0,0.67,424.11,2023-11-21
T1221,2023-11-02 19:53:00,C-210,25-34,1,Thu,19,0,0,D-435,Кесадилья,snack,323,122.74,1,Rainy,18,0,W-05,6,4.0,0.62,200.26,2023-11-02
T1222,2023-10-10 13:15:00,,,0,Tue,13,0,0,D-307,Мокко,coffee,253,75.9,1,Clear,15,0,W-05,5,3.0,0.7,177.1,2023-10-10
T1223,2023-11-07 15:36:00,C-903,25-34,0,Tue,15,0,0,D-192,Суп-пюре,snack,267,101.46,1,Rainy,16,1,W-03,8,4.0,0.62,165.54000000000002,2023-11-07
T1224,2023-10-31 09:16:00,C-328,35-44,1,Tue,9,0,0,D-233,Чай с мятой,tea,187,56.1,2,Rainy,22,0,W-06,2,,0.7,261.8,2023-10-31
T1225,2023-11-24 09:03:00,,,0,Fri,9,0,0,D-170,Салат Цезарь,snack,300,114.0,2,Cloudy,20,0,W-01,5,4.0,0.62,372.0,2023-11-24
T1226,2023-10-27 19:57:00,C-440,25-34,1,Fri,19,0,0,D-489,Клаб-сэндвич,sandwich,330,132.0,2,Cloudy,24,1,W-05,6,4.0,0.6,396.0,2023-10-27
T1227,2023-11-18 10:50:00,C-588,25-34,1,Sat,10,1,0,D-487,Салат Цезарь,snack,213,80.94,1,Cloudy,15,0,W-01,6,4.0,0.62,132.06,2023-11-18
T1228,2023-11-13 08:46:00,C-615,25-34,1,Mon,8,0,0,D-333,Маффин,bakery,168,50.4,2,Rainy,21,0,W-05,2,,0.7,235.2,2023-11-13
T1229,2023-11-26 15:08:00,,,0,Sun,15,1,0,D-214,Макарон,dessert,291,101.85,1,Cloudy,18,1,W-01,4,,0.65,189.15,2023-11-26
T1230,2023-11-16 08:32:00,C-755,25-34,1,Thu,8,0,0,D-110,Круассан,bakery,126,37.8,1,Sunny,16,0,W-02,3,3.0,0.7,88.2,2023-11-16
T1231,2023-10-27 12:07:00,C-109,25-34,0,Fri,12,0,0,D-170,Айс-кофе,beverage,180,59.4,1,Clear,16,1,W-10,4,4.0,0.67,120.6,2023-10-27
T1232,2023-11-02 15:07:00,C-369,35-44,0,Thu,15,0,0,D-380,Тирамису,dessert,400,140.0,1,Clear,18,1,W-03,3,4.0,0.65,260.0,2023-11-02
T1233,2023-11-14 18:21:00,,,0,Tue,18,0,0,D-138,Круассан,bakery,81,24.3,1,Sunny,19,0,W-02,3,4.0,0.7,56.7,2023-11-14
T1234,2023-11-11 11:18:00,C-397,25-34,0,Sat,11,1,0,D-170,Макарон,dessert,212,74.2,1,Cloudy,20,1,W-01,3,4.0,0.65,137.8,2023-11-11
T1235,2023-10-23 18:39:00,C-509,45-54,1,Mon,18,0,0,D-157,Панна котта,dessert,223,78.05,1,Cloudy,15,0,W-07,4,3.0,0.65,144.95,2023-10-23
T1236,2023-11-30 17:06:00,C-467,25-34,0,Thu,17,0,0,D-349,Сэндвич с лососем,sandwich,395,158.0,1,Sunny,21,1,W-03,8,,0.6,237.0,2023-11-30
T1237,2023-10-29 09:16:00,,,0,Sun,9,1,0,D-367,Черный чай,tea,101,30.3,1,Sunny,21,0,W-06,3,5.0,0.7,70.7,2023-10-29
T1238,2023-11-12 16:30:00,,,0,Sun,16,1,0,D-105,Панна котта,dessert,373,130.55,1,Cloudy,23,1,W-10,3,,0.65,242.45,2023-11-12
T1239,2023-11-24 13:31:00,C-384,18-24,1,Fri,13,0,0,D-335,Суп-пюре,snack,199,75.62,1,Clear,24,0,W-04,4,4.0,0.62,123.38,2023-11-24
T1240,2023-10-29 09:31:00,C-513,25-34,1,Sun,9,1,0,D-426,Вегетарианский сэндвич,sandwich,280,112.0,3,Rainy,23,0,W-10,9,4.0,0.6,504.0,2023-10-29
T1241,2023-11-05 11:42:00,,,0,Sun,11,1,0,D-466,Вегетарианский сэндвич,sandwich,343,137.2,2,Rainy,22,0,W-10,8,5.0,0.6,411.6,2023-11-05
T1242,2023-10-08 09:42:00,,,0,Sun,9,1,0,D-184,Круассан,bakery,123,36.9,1,Clear,17,0,W-02,1,4.0,0.7,86.1,2023-10-08
T1243,2023-11-22 15:46:00,,,0,Wed,15,0,0,D-273,Куриный сэндвич,sandwich,315,126.0,1,Sunny,21,1,W-04,10,4.0,0.6,189.0,2023-11-22
T1244,2023-10-03 18:53:00,C-616,18-24,1,Tue,18,0,0,D-347,Зеленый чай,tea,198,59.4,2,Cloudy,24,0,W-07,3,4.0,0.7,277.2,2023-10-03
T1245,2023-10-12 16:08:00,,,0,Thu,16,0,0,D-303,Эспрессо,coffee,232,69.6,1,Rainy,19,0,W-04,4,,0.7,162.4,2023-10-12
T1246,2023-10-29 17:08:00,,,0,Sun,17,1,0,D-465,Вегетарианский сэндвич,sandwich,429,171.6,1,Rainy,25,0,W-04,9,4.0,0.6,257.4,2023-10-29
T1247,2023-10-23 18:08:00,,,0,Mon,18,0,0,D-398,Чай с мятой,tea,164,49.2,1,Clear,25,0,W-09,2,,0.7,114.8,2023-10-23
T1248,2023-11-17 18:34:00,C-248,18-24,1,Fri,18,0,0,D-174,Медовик,dessert,308,107.8,2,Sunny,19,0,W-05,5,5.0,0.65,400.4,2023-11-17
T1249,2023-10-14 16:02:00,,,0,Sat,16,1,0,D-221,Медовик,dessert,315,110.25,1,Rainy,25,0,W-09,6,,0.65,204.75,2023-10-14
T1250,2023-10-04 18:24:00,C-989,35-44,0,Wed,18,0,0,D-379,Вегетарианский сэндвич,sandwich,391,156.4,1,Cloudy,18,0,W-06,9,,0.6,234.6,2023-10-04
T1251,2023-10-19 12:43:00,C-385,25-34,1,Thu,12,0,0,D-463,Латте,coffee,194,58.2,1,Cloudy,15,1,W-06,5,4.0,0.7,135.8,2023-10-19
T1252,2023-10-10 18:38:00,C-902,35-44,1,Tue,18,0,0,D-358,Мокко,coffee,227,68.1,1,Cloudy,21,0,W-09,2,,0.7,158.9,2023-10-10
T1253,2023-11-04 13:05:00,C-870,25-34,1,Sat,13,1,0,D-442,Чизкейк,dessert,254,88.9,1,Rainy,22,0,W-01,3,5.0,0.65,165.1,2023-11-04
T1254,2023-10-16 18:39:00,,,0,Mon,18,0,0,D-376,Смузи,beverage,125,41.25,1,Rainy,15,0,W-07,3,,0.67,83.75,2023-10-16
T1255,2023-11-28 13:49:00,,,0,Tue,13,0,0,D-495,Эклер,dessert,330,115.5,1,Sunny,25,1,W-02,4,5.0,0.65,214.5,2023-11-28
T1256,2023-10-05 11:40:00,,,0,Thu,11,0,0,D-482,Суп-пюре,snack,288,109.44,2,Cloudy,15,1,W-07,4,,0.62,357.12,2023-10-05
T1257,2023-10-30 15:02:00,C-941,18-24,1,Mon,15,0,0,D-108,Капучино,coffee,163,48.9,1,Clear,25,1,W-07,4,5.0,0.7,114.1,2023-10-30
T1258,2023-10-08 13:41:00,,,0,Sun,13,1,0,D-254,Зеленый чай,tea,196,58.8,1,Sunny,19,1,W-05,3,5.0,0.7,137.2,2023-10-08
T1259,2023-11-18 18:24:00,,,0,Sat,18,1,0,D-424,Куриный сэндвич,sandwich,371,148.4,1,Cloudy,19,1,W-09,7,,0.6,222.6,2023-11-18
T1260,2023-11-13 17:50:00,C-105,25-34,1,Mon,17,0,0,D-208,Кесадилья,snack,182,69.16,1,Clear,25,0,W-04,6,4.0,0.62,112.84,2023-11-13
T1261,2023-11-24 13:10:00,C-918,25-34,1,Fri,13,0,0,D-430,Маффин,bakery,158,47.4,2,Sunny,19,1,W-09,2,,0.7,221.2,2023-11-24
T1262,2023-11-12 09:06:00,C-340,18-24,0,Sun,9,1,0,D-330,Булочка с корицей,bakery,142,42.6,3,Rainy,24,0,W-06,2,,0.7,298.20000000000005,2023-11-12
T1263,2023-11-12 11:37:00,C-104,25-34,0,Sun,11,1,0,D-284,Булочка с корицей,bakery,152,45.6,1,Cloudy,25,0,W-07,2,,0.7,106.4,2023-11-12
T1264,2023-11-16 12:30:00,C-761,25-34,0,Thu,12,0,0,D-200,Сэндвич с лососем,sandwich,341,136.4,1,Rainy,25,0,W-03,9,,0.6,204.6,2023-11-16
T1265,2023-10-05 16:57:00,C-887,25-34,0,Thu,16,0,0,D-434,Мокко,coffee,279,83.7,1,Cloudy,20,0,W-09,5,5.0,0.7,195.3,2023-10-05
T1266,2023-10-26 11:49:00,C-614,18-24,1,Thu,11,0,0,D-184,Айс-кофе,beverage,137,45.21,1,Cloudy,22,0,W-10,4,,0.67,91.78999999999999,2023-10-26
T1267,2023-10-11 10:36:00,C-879,25-34,1,Wed,10,0,0,D-284,Чай с мятой,tea,194,58.2,1,Clear,22,0,W-04,3,4.0,0.7,135.8,2023-10-11
T1268,2023-11-28 12:02:00,C-380,35-44,1,Tue,12,0,0,D-400,Флэт Уайт,coffee,232,69.6,1,Sunny,23,0,W-07,4,4.0,0.7,162.4,2023-11-28
T1269,2023-10-17 12:58:00,C-593,35-44,1,Tue,12,0,0,D-217,Булочка с корицей,bakery,131,39.3,1,Sunny,23,0,W-08,1,,0.7,91.7,2023-10-17
T1270,2023-11-11 11:09:00,C-524,35-44,0,Sat,11,1,0,D-182,Маффин,bakery,126,37.8,1,Clear,15,0,W-04,3,4.0,0.7,88.2,2023-11-11
T1271,2023-10-16 09:36:00,C-157,18-24,0,Mon,9,0,0,D-109,Смузи,beverage,137,45.21,1,Rainy,16,1,W-10,4,4.0,0.67,91.78999999999999,2023-10-16
T1272,2023-10-14 12:30:00,C-696,35-44,1,Sat,12,1,0,D-405,Салат Греческий,snack,223,84.74,1,Sunny,18,0,W-06,7,4.0,0.62,138.26,2023-10-14
T1273,2023-10-25 12:06:00,C-253,25-34,1,Wed,12,0,0,D-372,Латте,coffee,283,84.9,2,Sunny,16,0,W-10,2,,0.7,396.2,2023-10-25
T1274,2023-10-31 14:57:00,C-634,25-34,0,Tue,14,0,0,D-279,Какао,beverage,120,39.6,2,Sunny,21,0,W-08,3,4.0,0.67,160.8,2023-10-31
T1275,2023-10-09 11:49:00,C-105,35-44,0,Mon,11,0,0,D-435,Круассан,bakery,116,34.8,1,Cloudy,20,0,W-01,2,4.0,0.7,81.2,2023-10-09
T1276,2023-10-27 12:09:00,C-382,45-54,1,Fri,12,0,0,D-191,Вегетарианский сэндвич,sandwich,316,126.4,2,Rainy,23,0,W-09,8,5.0,0.6,379.2,2023-10-27
T1277,2023-11-05 13:19:00,,,0,Sun,13,1,0,D-182,Айс-кофе,beverage,219,72.27,1,Sunny,18,0,W-08,4,5.0,0.67,146.73000000000002,2023-11-05
T1278,2023-11-02 12:21:00,,,0,Thu,12,0,0,D-322,Салат Цезарь,snack,221,83.98,1,Sunny,16,0,W-08,8,,0.62,137.01999999999998,2023-11-02
T1279,2023-10-17 11:05:00,C-633,25-34,0,Tue,11,0,0,D-353,Лимонад,beverage,212,69.96,1,Clear,15,0,W-03,4,5.0,0.67,142.04000000000002,2023-10-17
T1280,2023-10-13 17:59:00,C-337,25-34,0,Fri,17,0,0,D-241,Кесадилья,snack,229,87.02,1,Clear,20,0,W-03,4,5.0,0.62,141.98000000000002,2023-10-13
T1281,2023-11-12 12:37:00,C-391,35-44,1,Sun,12,1,0,D-410,Булочка с корицей,bakery,81,24.3,1,Cloudy,22,1,W-05,1,4.0,0.7,56.7,2023-11-12
T1282,2023-11-29 12:00:00,C-448,45-54,0,Wed,12,0,0,D-455,Чизкейк,dessert,304,106.4,1,Clear,21,0,W-09,5,,0.65,197.6,2023-11-29
T1283,2023-11-06 13:15:00,,,0,Mon,13,0,0,D-446,Кесадилья,snack,297,112.86,1,Cloudy,20,0,W-07,5,4.0,0.62,184.14,2023-11-06
T1284,2023-10-27 18:33:00,C-789,35-44,1,Fri,18,0,0,D-211,Лимонад,beverage,209,68.97,2,Rainy,17,1,W-06,3,4.0,0.67,280.06,2023-10-27
T1285,2023-11-30 16:59:00,,,0,Thu,16,0,0,D-282,Бейгл,bakery,174,52.2,1,Cloudy,16,0,W-04,3,4.0,0.7,121.8,2023-11-30
T1286,2023-10-08 18:43:00,,,0,Sun,18,1,0,D-261,Фруктовый чай,tea,178,53.4,1,Clear,24,0,W-06,3,,0.7,124.6,2023-10-08
T1287,2023-11-25 11:11:00,C-918,25-34,0,Sat,11,1,0,D-161,Кесадилья,snack,281,106.78,1,Clear,20,0,W-03,7,4.0,0.62,174.22,2023-11-25
T1288,2023-11-14 08:43:00,,,0,Tue,8,0,0,D-413,Бейгл,bakery,154,46.2,1,Rainy,20,0,W-05,2,4.0,0.7,107.8,2023-11-14
T1289,2023-10-12 13:13:00,C-234,45-54,0,Thu,13,0,0,D-384,Вегетарианский сэндвич,sandwich,343,137.2,2,Clear,21,1,W-05,6,,0.6,411.6,2023-10-12
T1290,2023-10-13 10:47:00,,,0,Fri,10,0,0,D-468,Бейгл,bakery,81,24.3,1,Rainy,22,0,W-09,3,,0.7,56.7,2023-10-13
T1291,2023-10-20 11:54:00,C-360,25-34,0,Fri,11,0,0,D-386,Лимонад,beverage,170,56.1,1,Rainy,20,1,W-06,3,4.0,0.67,113.9,2023-10-20
T1292,2023-10-02 12:22:00,C-899,25-34,1,Mon,12,0,0,D-295,Суп-пюре,snack,327,124.26,1,Rainy,22,0,W-08,4,5.0,0.62,202.74,2023-10-02
T1293,2023-11-10 18:55:00,,,0,Fri,18,0,0,D-262,Печенье,bakery,133,39.9,1,Rainy,19,0,W-04,2,4.0,0.7,93.1,2023-11-10
T1294,2023-11-08 14:17:00,C-288,35-44,1,Wed,14,0,0,D-185,Вегетарианский сэндвич,sandwich,441,176.4,1,Clear,16,0,W-02,6,4.0,0.6,264.6,2023-11-08
T1295,2023-10-07 09:56:00,,,0,Sat,9,1,0,D-299,Куриный сэндвич,sandwich,256,102.4,1,Rainy,18,0,W-02,10,5.0,0.6,153.6,2023-10-07
T1296,2023-10-16 16:28:00,C-465,35-44,1,Mon,16,0,0,D-380,Чай с мятой,tea,116,34.8,1,Clear,17,1,W-09,2,3.0,0.7,81.2,2023-10-16
T1297,2023-11-30 15:11:00,C-636,25-34,1,Thu,15,0,0,D-216,Какао,beverage,178,58.74,1,Sunny,22,0,W-08,4,,0.67,119.25999999999999,2023-11-30
T1298,2023-10-20 12:16:00,,,0,Fri,12,0,0,D-351,Печенье,bakery,81,24.3,1,Clear,19,0,W-01,3,4.0,0.7,56.7,2023-10-20
T1299,2023-10-01 16:51:00,C-674,25-34,1,Sun,16,1,0,D-212,Эклер,dessert,259,90.65,1,Rainy,16,0,W-07,6,,0.65,168.35,2023-10-01
T1300,2023-10-28 14:33:00,C-292,35-44,1,Sat,14,1,0,D-239,Кесадилья,snack,252,95.76,1,Clear,18,0,W-10,7,5.0,0.62,156.24,2023-10-28
T1301,2023-10-21 08:03:00,C-548,35-44,1,Sat,8,1,0,D-259,Лимонад,beverage,143,47.19,3,Clear,20,1,W-06,3,4.0,0.67,287.43,2023-10-21
T1302,2023-10-30 15:02:00,,,0,Mon,15,0,0,D-295,Тирамису,dessert,392,137.2,3,Sunny,16,1,W-04,5,4.0,0.65,764.4000000000001,2023-10-30
T1303,2023-11-19 15:24:00,C-889,18-24,0,Sun,15,1,0,D-181,Салат Греческий,snack,243,92.34,1,Sunny,23,1,W-05,6,4.0,0.62,150.66,2023-11-19
T1304,2023-11-03 09:30:00,C-215,18-24,1,Fri,9,0,0,D-302,Черный чай,tea,125,37.5,1,Cloudy,15,1,W-10,1,5.0,0.7,87.5,2023-11-03
T1305,2023-10-03 13:44:00,C-802,25-34,0,Tue,13,0,0,D-282,Клаб-сэндвич,sandwich,345,138.0,1,Cloudy,23,1,W-01,5,,0.6,207.0,2023-10-03
T1306,2023-11-20 09:31:00,,,0,Mon,9,0,0,D-470,Печенье,bakery,151,45.3,1,Cloudy,19,0,W-07,2,4.0,0.7,105.7,2023-11-20
T1307,2023-11-27 09:45:00,C-456,25-34,1,Mon,9,0,0,D-182,Вегетарианский сэндвич,sandwich,388,155.2,1,Sunny,23,1,W-10,9,,0.6,232.8,2023-11-27
T1308,2023-10-10 12:52:00,C-851,18-24,1,Tue,12,0,0,D-264,Эклер,dessert,293,102.55,1,Sunny,25,0,W-10,4,,0.65,190.45,2023-10-10
T1309,2023-11-04 17:12:00,C-756,25-34,1,Sat,17,1,0,D-116,Мохито безалкогольный,beverage,218,71.94,1,Cloudy,16,0,W-03,2,4.0,0.67,146.06,2023-11-04
T1310,2023-11-01 10:02:00,C-150,25-34,0,Wed,10,0,0,D-351,Мохито безалкогольный,beverage,204,67.32,1,Sunny,22,0,W-04,4,3.0,0.67,136.68,2023-11-01
T1311,2023-11-21 14:23:00,C-641,18-24,1,Tue,14,0,0,D-151,Мохито безалкогольный,beverage,167,55.11,1,Cloudy,23,1,W-09,2,3.0,0.67,111.89,2023-11-21
T1312,2023-10-25 10:33:00,,,0,Wed,10,0,0,D-445,Чай с мятой,tea,172,51.6,1,Clear,25,1,W-10,2,4.0,0.7,120.4,2023-10-25
T1313,2023-10-28 17:10:00,C-714,25-34,1,Sat,17,1,0,D-311,Суп-пюре,snack,320,121.6,1,Clear,20,0,W-06,6,3.0,0.62,198.4,2023-10-28
T1314,2023-11-08 11:34:00,C-563,25-34,1,Wed,11,0,0,D-108,Бейгл,bakery,178,53.4,1,Cloudy,19,0,W-05,3,,0.7,124.6,2023-11-08
T1315,2023-10-01 11:14:00,,,0,Sun,11,1,0,D-392,Печенье,bakery,82,24.6,1,Cloudy,16,0,W-09,3,,0.7,57.4,2023-10-01
T1316,2023-10-03 12:09:00,C-407,18-24,1,Tue,12,0,0,D-266,Печенье,bakery,126,37.8,2,Clear,17,1,W-02,3,,0.7,176.4,2023-10-03
T1317,2023-11-01 17:44:00,,,0,Wed,17,0,0,D-322,Зеленый чай,tea,176,52.8,1,Clear,16,1,W-06,2,5.0,0.7,123.2,2023-11-01
T1318,2023-11-25 16:47:00,C-142,25-34,1,Sat,16,1,0,D-444,Зеленый чай,tea,181,54.3,1,Clear,22,0,W-03,1,5.0,0.7,126.7,2023-11-25
T1319,2023-11-18 14:32:00,C-184,25-34,0,Sat,14,1,0,D-496,Латте,coffee,260,78.0,1,Cloudy,17,0,W-07,5,4.0,0.7,182.0,2023-11-18
T1320,2023-10-31 13:31:00,C-173,25-34,1,Tue,13,0,0,D-311,Клаб-сэндвич,sandwich,393,157.2,1,Clear,20,0,W-02,10,5.0,0.6,235.8,2023-10-31
T1321,2023-10-23 10:22:00,C-922,25-34,1,Mon,10,0,0,D-291,Лимонад,beverage,218,71.94,1,Cloudy,16,0,W-04,4,3.0,0.67,146.06,2023-10-23
T1322,2023-10-08 16:15:00,C-560,25-34,1,Sun,16,1,0,D-379,Смузи,beverage,156,51.48,1,Rainy,23,0,W-04,2,,0.67,104.52000000000001,2023-10-08
T1323,2023-10-31 14:09:00,C-274,18-24,1,Tue,14,0,0,D-104,Зеленый чай,tea,148,44.4,1,Sunny,21,0,W-08,3,4.0,0.7,103.6,2023-10-31
T1324,2023-11-12 11:54:00,C-336,45-54,1,Sun,11,1,0,D-405,Черный чай,tea,113,33.9,1,Sunny,17,0,W-06,2,,0.7,79.1,2023-11-12
T1325,2023-10-13 13:29:00,C-502,35-44,1,Fri,13,0,0,D-356,Лимонад,beverage,125,41.25,1,Rainy,15,0,W-05,2,4.0,0.67,83.75,2023-10-13
T1326,2023-11-10 11:24:00,C-502,35-44,1,Fri,11,0,0,D-313,Салат Цезарь,snack,322,122.36,2,Cloudy,24,1,W-10,5,3.0,0.62,399.28,2023-11-10
T1327,2023-10-10 12:19:00,C-654,35-44,1,Tue,12,0,0,D-320,Айс-кофе,beverage,177,58.41,1,Cloudy,25,1,W-09,2,5.0,0.67,118.59,2023-10-10
T1328,2023-11-29 13:10:00,C-959,35-44,0,Wed,13,0,0,D-255,Тирамису,dessert,342,119.7,1,Clear,25,0,W-07,6,,0.65,222.3,2023-11-29
T1329,2023-11-29 16:09:00,,,0,Wed,16,0,0,D-405,Суп-пюре,snack,207,78.66,1,Cloudy,18,1,W-10,5,5.0,0.62,128.34,2023-11-29
T1330,2023-11-13 08:05:00,,,0,Mon,8,0,0,D-170,Фруктовый чай,tea,117,35.1,1,Cloudy,18,0,W-08,2,3.0,0.7,81.9,2023-11-13
T1331,2023-10-15 08:48:00,C-309,18-24,0,Sun,8,1,0,D-452,Американо,coffee,255,76.5,1,Rainy,22,0,W-10,5,,0.7,178.5,2023-10-15
T1332,2023-11-26 11:25:00,C-726,45-54,1,Sun,11,1,0,D-155,Салат Цезарь,snack,335,127.3,1,Clear,22,0,W-01,8,5.0,0.62,207.7,2023-11-26
T1333,2023-11-22 17:56:00,C-628,35-44,0,Wed,17,0,0,D-336,Булочка с корицей,bakery,148,44.4,1,Cloudy,21,0,W-05,2,4.0,0.7,103.6,2023-11-22
T1334,2023-10-19 14:03:00,,,0,Thu,14,0,0,D-301,Чай с мятой,tea,159,47.7,2,Clear,20,0,W-09,1,5.0,0.7,222.6,2023-10-19
T1335,2023-10-29 08:29:00,C-828,35-44,0,Sun,8,1,0,D-285,Смузи,beverage,178,58.74,1,Sunny,23,0,W-08,4,4.0,0.67,119.25999999999999,2023-10-29
T1336,2023-11-15 12:50:00,,,0,Wed,12,0,0,D-176,Какао,beverage,140,46.2,1,Cloudy,17,0,W-10,4,,0.67,93.8,2023-11-15
T1337,2023-10-12 16:03:00,C-285,18-24,1,Thu,16,0,0,D-334,Вегетарианский сэндвич,sandwich,329,131.6,1,Clear,22,0,W-05,5,5.0,0.6,197.4,2023-10-12
T1338,2023-11-04 17:38:00,C-181,25-34,1,Sat,17,1,0,D-421,Клаб-сэндвич,sandwich,305,122.0,1,Cloudy,15,0,W-05,9,,0.6,183.0,2023-11-04
T1339,2023-10-12 10:41:00,,,0,Thu,10,0,0,D-313,Тирамису,dessert,237,82.95,2,Cloudy,17,0,W-01,3,3.0,0.65,308.1,2023-10-12
T1340,2023-11-13 11:42:00,C-886,25-34,1,Mon,11,0,0,D-133,Чай с мятой,tea,158,47.4,1,Rainy,22,0,W-07,3,4.0,0.7,110.6,2023-11-13
T1341,2023-10-09 09:55:00,C-159,18-24,0,Mon,9,0,0,D-318,Брауни,dessert,334,116.9,1,Rainy,19,1,W-08,5,3.0,0.65,217.1,2023-10-09
T1342,2023-11-03 13:39:00,C-604,35-44,0,Fri,13,0,0,D-160,Чизкейк,dessert,357,124.95,1,Sunny,22,0,W-04,3,4.0,0.65,232.05,2023-11-03
T1343,2023-11-10 17:47:00,C-673,35-44,1,Fri,17,0,0,D-257,Суп-пюре,snack,337,128.06,3,Rainy,23,0,W-05,4,5.0,0.62,626.8199999999999,2023-11-10
T1344,2023-11-05 12:00:00,C-129,35-44,1,Sun,12,1,0,D-118,Флэт Уайт,coffee,235,70.5,1,Cloudy,22,0,W-08,5,,0.7,164.5,2023-11-05
T1345,2023-10-10 14:57:00,,,0,Tue,14,0,0,D-471,Кесадилья,snack,298,113.24,1,Rainy,23,0,W-05,8,,0.62,184.76,2023-10-10
T1346,2023-11-04 08:36:00,,,0,Sat,8,1,0,D-392,Черный чай,tea,145,43.5,1,Clear,17,1,W-09,1,4.0,0.7,101.5,2023-11-04
T1347,2023-11-08 09:50:00,C-998,18-24,1,Wed,9,0,0,D-254,Кесадилья,snack,260,98.8,1,Cloudy,16,1,W-04,8,,0.62,161.2,2023-11-08
T1348,2023-10-24 16:49:00,,,0,Tue,16,0,0,D-368,Круассан,bakery,136,40.8,1,Rainy,20,0,W-08,3,4.0,0.7,95.2,2023-10-24
T1349,2023-10-10 16:06:00,,,0,Tue,16,0,0,D-144,Суп-пюре,snack,232,88.16,1,Rainy,22,0,W-01,8,4.0,0.62,143.84,2023-10-10
T1350,2023-11-26 09:33:00,,,0,Sun,9,1,0,D-263,Кесадилья,snack,185,70.3,1,Clear,25,0,W-05,8,4.0,0.62,114.7,2023-11-26
T1351,2023-10-08 11:10:00,C-655,25-34,1,Sun,11,1,0,D-187,Тирамису,dessert,203,71.05,3,Sunny,19,0,W-05,4,5.0,0.65,395.84999999999997,2023-10-08
T1352,2023-11-09 18:34:00,C-492,18-24,1,Thu,18,0,0,D-453,Куриный сэндвич,sandwich,283,113.2,1,Clear,24,0,W-10,10,5.0,0.6,169.8,2023-11-09
T1353,2023-10-23 11:52:00,C-234,18-24,0,Mon,11,0,0,D-429,Булочка с корицей,bakery,90,27.0,3,Clear,22,0,W-05,3,4.0,0.7,189.0,2023-10-23
T1354,2023-10-15 18:09:00,C-907,35-44,1,Sun,18,1,0,D-345,Кесадилья,snack,273,103.74,1,Clear,17,0,W-02,6,4.0,0.62,169.26,2023-10-15
T1355,2023-10-19 16:38:00,,,0,Thu,16,0,0,D-336,Смузи,beverage,185,61.05,1,Clear,24,0,W-05,4,5.0,0.67,123.95,2023-10-19
T1356,2023-10-27 11:15:00,,,0,Fri,11,0,0,D-275,Смузи,beverage,181,59.73,1,Cloudy,17,0,W-07,4,5.0,0.67,121.27000000000001,2023-10-27
T1357,2023-11-12 15:47:00,C-941,25-34,1,Sun,15,1,0,D-267,Фруктовый чай,tea,114,34.2,1,Clear,25,0,W-10,2,5.0,0.7,79.8,2023-11-12
T1358,2023-11-12 09:13:00,C-250,35-44,1,Sun,9,1,0,D-205,Суп-пюре,snack,328,124.64,2,Rainy,19,0,W-08,5,5.0,0.62,406.72,2023-11-12
T1359,2023-11-06 16:43:00,C-108,25-34,1,Mon,16,0,0,D-289,Макарон,dessert,383,134.05,3,Sunny,15,0,W-05,3,,0.65,746.8499999999999,2023-11-06
T1360,2023-11-15 13:22:00,,,0,Wed,13,0,0,D-295,Мокко,coffee,222,66.6,2,Clear,23,1,W-07,5,4.0,0.7,310.8,2023-11-15
T1361,2023-10-14 14:30:00,,,0,Sat,14,1,0,D-105,Маффин,bakery,151,45.3,1,Sunny,25,0,W-03,1,3.0,0.7,105.7,2023-10-14
T1362,2023-10-02 10:56:00,C-566,35-44,0,Mon,10,0,0,D-332,Сэндвич с лососем,sandwich,284,113.6,1,Clear,23,0,W-10,6,,0.6,170.4,2023-10-02
T1363,2023-11-22 12:22:00,,,0,Wed,12,0,0,D-395,Маффин,bakery,134,40.2,1,Rainy,15,0,W-07,3,5.0,0.7,93.8,2023-11-22
T1364,2023-10-03 13:45:00,C-848,25-34,0,Tue,13,0,0,D-364,Тирамису,dessert,348,121.8,1,Sunny,23,0,W-05,6,,0.65,226.2,2023-10-03
T1365,2023-11-26 14:15:00,C-154,45-54,1,Sun,14,1,0,D-475,Куриный сэндвич,sandwich,425,170.0,1,Rainy,21,0,W-08,9,4.0,0.6,255.0,2023-11-26
T1366,2023-10-23 18:51:00,,,0,Mon,18,0,0,D-131,Брауни,dessert,242,84.7,1,Clear,24,0,W-10,5,,0.65,157.3,2023-10-23
T1367,2023-10-11 13:42:00,C-617,18-24,0,Wed,13,0,0,D-107,Медовик,dessert,388,135.8,1,Sunny,24,1,W-05,5,5.0,0.65,252.2,2023-10-11
T1368,2023-10-12 18:47:00,,,0,Thu,18,0,0,D-143,Бейгл,bakery,127,38.1,2,Cloudy,24,1,W-01,2,5.0,0.7,177.8,2023-10-12
T1369,2023-11-29 17:53:00,,,0,Wed,17,0,0,D-428,Сэндвич с лососем,sandwich,447,178.8,1,Rainy,16,0,W-06,5,5.0,0.6,268.2,2023-11-29
T1370,2023-10-04 10:25:00,C-488,35-44,1,Wed,10,0,0,D-247,Вегетарианский сэндвич,sandwich,371,148.4,1,Clear,21,0,W-07,5,5.0,0.6,222.6,2023-10-04
T1371,2023-11-13 12:33:00,,,0,Mon,12,0,0,D-238,Зеленый чай,tea,112,33.6,2,Rainy,16,0,W-05,2,3.0,0.7,156.8,2023-11-13
T1372,2023-10-17 14:25:00,C-793,35-44,1,Tue,14,0,0,D-310,Клаб-сэндвич,sandwich,437,174.8,1,Sunny,23,0,W-02,5,5.0,0.6,262.2,2023-10-17
T1373,2023-10-07 15:22:00,C-708,35-44,0,Sat,15,1,0,D-161,Печенье,bakery,112,33.6,1,Sunny,24,1,W-02,3,,0.7,78.4,2023-10-07
T1374,2023-10-09 12:48:00,C-177,25-34,0,Mon,12,0,0,D-182,Чай с мятой,tea,114,34.2,1,Sunny,19,1,W-06,2,4.0,0.7,79.8,2023-10-09
T1375,2023-11-19 09:24:00,C-603,45-54,1,Sun,9,1,0,D-376,Тирамису,dessert,266,93.1,3,Clear,18,1,W-02,4,5.0,0.65,518.7,2023-11-19
T1376,2023-11-09 14:58:00,,,0,Thu,14,0,0,D-176,Вегетарианский сэндвич,sandwich,276,110.4,1,Sunny,15,1,W-01,8,,0.6,165.6,2023-11-09
T1377,2023-11-12 12:09:00,,,0,Sun,12,1,0,D-215,Черный чай,tea,150,45.0,1,Sunny,21,0,W-02,3,4.0,0.7,105.0,2023-11-12
T1378,2023-11-14 17:30:00,C-510,18-24,0,Tue,17,0,0,D-335,Раф,coffee,287,86.1,2,Rainy,25,0,W-06,2,4.0,0.7,401.8,2023-11-14
T1379,2023-10-13 10:02:00,C-467,25-34,0,Fri,10,0,0,D-112,Клаб-сэндвич,sandwich,326,130.4,1,Cloudy,22,0,W-01,6,4.0,0.6,195.6,2023-10-13
T1380,2023-10-25 09:34:00,C-116,18-24,1,Wed,9,0,0,D-160,Черный чай,tea,163,48.9,1,Cloudy,25,0,W-01,2,,0.7,114.1,2023-10-25
T1381,2023-11-12 13:43:00,,,0,Sun,13,1,0,D-224,Суп-пюре,snack,328,124.64,1,Cloudy,15,1,W-10,4,4.0,0.62,203.36,2023-11-12
T1382,2023-10-12 14:57:00,C-937,35-44,1,Thu,14,0,0,D-318,Медовик,dessert,224,78.4,1,Rainy,25,1,W-02,4,5.0,0.65,145.6,2023-10-12
T1383,2023-10-26 12:43:00,C-146,25-34,1,Thu,12,0,0,D-456,Какао,beverage,137,45.21,1,Rainy,23,0,W-07,2,4.0,0.67,91.78999999999999,2023-10-26
T1384,2023-10-11 12:59:00,C-896,18-24,0,Wed,12,0,0,D-433,Лимонад,beverage,137,45.21,1,Rainy,21,0,W-02,4,4.0,0.67,91.78999999999999,2023-10-11
T1385,2023-11-14 17:49:00,C-344,45-54,0,Tue,17,0,0,D-145,Клаб-сэндвич,sandwich,302,120.8,1,Rainy,20,1,W-08,9,4.0,0.6,181.2,2023-11-14
T1386,2023-10-27 08:15:00,,,0,Fri,8,0,0,D-337,Круассан,bakery,147,44.1,3,Cloudy,19,0,W-09,1,,0.7,308.70000000000005,2023-10-27
T1387,2023-10-04 10:50:00,C-760,25-34,1,Wed,10,0,0,D-153,Бейгл,bakery,143,42.9,1,Sunny,23,0,W-08,1,5.0,0.7,100.1,2023-10-04
T1388,2023-10-12 10:01:00,C-433,25-34,0,Thu,10,0,0,D-266,Куриный сэндвич,sandwich,268,107.2,2,Cloudy,16,0,W-04,5,,0.6,321.6,2023-10-12
T1389,2023-10-16 16:55:00,C-546,18-24,0,Mon,16,0,0,D-468,Бейгл,bakery,108,32.4,1,Cloudy,25,0,W-03,2,4.0,0.7,75.6,2023-10-16
T1390,2023-10-23 19:12:00,C-972,25-34,1,Mon,19,0,0,D-409,Чизкейк,dessert,208,72.8,1,Cloudy,25,1,W-04,5,,0.65,135.2,2023-10-23
T1391,2023-11-30 14:10:00,C-321,25-34,0,Thu,14,0,0,D-267,Какао,beverage,149,49.17,1,Clear,24,0,W-04,2,5.0,0.67,99.83,2023-11-30
T1392,2023-10-15 18:37:00,,,0,Sun,18,1,0,D-317,Булочка с корицей,bakery,80,24.0,1,Clear,22,1,W-09,1,,0.7,56.0,2023-10-15
T1393,2023-11-21 17:52:00,C-849,25-34,1,Tue,17,0,0,D-345,Эспрессо,coffee,276,82.8,1,Rainy,17,0,W-02,2,4.0,0.7,193.2,2023-11-21
T1394,2023-11-15 12:36:00,,,0,Wed,12,0,0,D-424,Зеленый чай,tea,158,47.4,1,Sunny,25,1,W-08,3,3.0,0.7,110.6,2023-11-15
T1395,2023-10-05 12:44:00,C-727,25-34,0,Thu,12,0,0,D-476,Эклер,dessert,208,72.8,1,Sunny,23,0,W-02,5,,0.65,135.2,2023-10-05
T1396,2023-11-30 18:23:00,C-279,25-34,0,Thu,18,0,0,D-222,Капучино,coffee,248,74.4,1,Sunny,25,0,W-03,4,5.0,0.7,173.6,2023-11-30
T1397,2023-10-31 16:48:00,C-373,25-34,1,Tue,16,0,0,D-356,Смузи,beverage,216,71.28,1,Sunny,22,1,W-08,3,4.0,0.67,144.72,2023-10-31
T1398,2023-11-15 13:52:00,,,0,Wed,13,0,0,D-334,Айс-кофе,beverage,177,58.41,1,Sunny,16,0,W-02,2,,0.67,118.59,2023-11-15
T1399,2023-10-26 18:18:00,C-995,18-24,0,Thu,18,0,0,D-342,Капучино,coffee,192,57.6,1,Rainy,21,0,W-09,3,4.0,0.7,134.4,2023-10-26
T1400,2023-10-29 16:01:00,,,0,Sun,16,1,0,D-435,Чизкейк,dessert,216,75.6,1,Rainy,22,0,W-10,5,4.0,0.65,140.4,2023-10-29
T1401,2023-11-07 14:33:00,,,0,Tue,14,0,0,D-247,Салат Греческий,snack,297,112.86,1,Sunny,17,1,W-08,6,4.0,0.62,184.14,2023-11-07
T1402,2023-10-23 11:10:00,C-825,35-44,0,Mon,11,0,0,D-394,Смузи,beverage,211,69.63,1,Cloudy,22,1,W-01,3,4.0,0.67,141.37,2023-10-23
T1403,2023-10-17 12:13:00,C-652,45-54,1,Tue,12,0,0,D-334,Лимонад,beverage,205,67.65,1,Rainy,17,0,W-08,2,4.0,0.67,137.35,2023-10-17
T1404,2023-10-01 19:34:00,C-872,45-54,1,Sun,19,1,0,D-452,Айс-кофе,beverage,202,66.66,1,Sunny,22,0,W-08,3,5.0,0.67,135.34,2023-10-01
T1405,2023-11-27 09:43:00,C-465,18-24,1,Mon,9,0,0,D-200,Лимонад,beverage,159,52.47,1,Sunny,16,0,W-04,3,5.0,0.67,106.53,2023-11-27
T1406,2023-11-04 17:43:00,C-623,45-54,0,Sat,17,1,0,D-297,Зеленый чай,tea,165,49.5,1,Rainy,15,0,W-07,2,4.0,0.7,115.5,2023-11-04
T1407,2023-10-19 12:19:00,,,0,Thu,12,0,0,D-472,Куриный сэндвич,sandwich,305,122.0,1,Clear,21,0,W-05,6,,0.6,183.0,2023-10-19
T1408,2023-10-09 17:38:00,C-443,18-24,0,Mon,17,0,0,D-309,Латте,coffee,203,60.9,1,Rainy,21,0,W-02,2,,0.7,142.1,2023-10-09
T1409,2023-10-12 13:45:00,C-143,35-44,1,Thu,13,0,0,D-113,Смузи,beverage,145,47.85,1,Sunny,17,0,W-08,2,4.0,0.67,97.15,2023-10-12
T1410,2023-10-17 11:40:00,C-603,45-54,0,Tue,11,0,0,D-406,Салат Греческий,snack,211,80.18,1,Rainy,24,0,W-08,4,5.0,0.62,130.82,2023-10-17
T1411,2023-10-31 13:55:00,C-624,35-44,1,Tue,13,0,0,D-336,Панна котта,dessert,375,131.25,1,Cloudy,20,0,W-03,5,5.0,0.65,243.75,2023-10-31
T1412,2023-10-11 09:23:00,,,0,Wed,9,0,0,D-406,Вегетарианский сэндвич,sandwich,262,104.8,1,Cloudy,23,0,W-03,5,5.0,0.6,157.2,2023-10-11
T1413,2023-10-21 17:52:00,C-693,25-34,1,Sat,17,1,0,D-274,Кесадилья,snack,249,94.62,1,Cloudy,16,0,W-08,7,4.0,0.62,154.38,2023-10-21
T1414,2023-10-14 10:14:00,C-644,35-44,0,Sat,10,1,0,D-139,Суп-пюре,snack,323,122.74,1,Sunny,17,0,W-07,7,,0.62,200.26,2023-10-14
T1415,2023-11-29 08:22:00,,,0,Wed,8,0,0,D-114,Панна котта,dessert,292,102.2,1,Sunny,18,0,W-03,5,3.0,0.65,189.8,2023-11-29
T1416,2023-10-09 17:09:00,C-807,35-44,1,Mon,17,0,0,D-200,Чай с мятой,tea,139,41.7,1,Sunny,15,1,W-07,1,4.0,0.7,97.3,2023-10-09
T1417,2023-11-20 14:37:00,C-110,35-44,0,Mon,14,0,0,D-194,Эспрессо,coffee,180,54.0,2,Rainy,15,1,W-04,3,,0.7,252.0,2023-11-20
T1418,2023-10-06 10:47:00,,,0,Fri,10,0,0,D-396,Эклер,dessert,289,101.15,1,Sunny,23,0,W-02,3,5.0,0.65,187.85,2023-10-06
T1419,2023-10-14 15:18:00,C-616,35-44,1,Sat,15,1,0,D-281,Булочка с корицей,bakery,80,24.0,3,Clear,21,1,W-02,1,4.0,0.7,168.0,2023-10-14
T1420,2023-10-14 13:26:00,C-880,25-34,1,Sat,13,1,0,D-352,Мокко,coffee,230,69.0,1,Sunny,21,1,W-02,4,,0.7,161.0,2023-10-14
T1421,2023-10-19 12:47:00,,,0,Thu,12,0,0,D-191,Панна котта,dessert,313,109.55,1,Sunny,25,0,W-08,5,3.0,0.65,203.45,2023-10-19
T1422,2023-11-01 15:25:00,C-204,35-44,0,Wed,15,0,0,D-202,Куриный сэндвич,sandwich,280,112.0,1,Clear,16,0,W-04,7,4.0,0.6,168.0,2023-11-01
T1423,2023-10-15 17:46:00,C-908,35-44,0,Sun,17,1,0,D-361,Вегетарианский сэндвич,sandwich,445,178.0,1,Rainy,17,0,W-07,8,5.0,0.6,267.0,2023-10-15
T1424,2023-11-19 12:07:00,C-855,18-24,1,Sun,12,1,0,D-178,Макарон,dessert,327,114.45,1,Rainy,24,0,W-07,5,3.0,0.65,212.55,2023-11-19
T1425,2023-11-09 09:04:00,C-367,25-34,0,Thu,9,0,0,D-160,Фруктовый чай,tea,159,47.7,1,Clear,22,0,W-01,2,4.0,0.7,111.3,2023-11-09
T1426,2023-10-21 17:28:00,,,0,Sat,17,1,0,D-320,Куриный сэндвич,sandwich,258,103.2,1,Cloudy,19,0,W-03,8,,0.6,154.8,2023-10-21
T1427,2023-11-15 12:48:00,C-587,25-34,1,Wed,12,0,0,D-415,Раф,coffee,275,82.5,1,Rainy,19,0,W-10,5,4.0,0.7,192.5,2023-11-15
T1428,2023-10-21 09:37:00,C-740,25-34,1,Sat,9,1,0,D-438,Латте,coffee,243,72.9,1,Cloudy,18,0,W-06,2,4.0,0.7,170.1,2023-10-21
T1429,2023-10-16 14:37:00,C-651,25-34,1,Mon,14,0,0,D-236,Флэт Уайт,coffee,166,49.8,2,Sunny,22,1,W-10,5,,0.7,232.4,2023-10-16
T1430,2023-11-07 08:20:00,C-791,18-24,1,Tue,8,0,0,D-414,Сэндвич с лососем,sandwich,332,132.8,1,Rainy,20,0,W-06,6,,0.6,199.2,2023-11-07
T1431,2023-10-28 10:40:00,C-687,25-34,1,Sat,10,1,0,D-148,Салат Цезарь,snack,317,120.46,1,Rainy,19,1,W-02,8,,0.62,196.54000000000002,2023-10-28
T1432,2023-10-05 13:33:00,,,0,Thu,13,0,0,D-202,Сэндвич с лососем,sandwich,303,121.2,1,Clear,21,1,W-09,7,4.0,0.6,181.8,2023-10-05
T1433,2023-10-17 14:29:00,C-611,18-24,0,Tue,14,0,0,D-426,Чай с мятой,tea,102,30.6,1,Clear,24,0,W-08,2,,0.7,71.4,2023-10-17
T1434,2023-11-16 14:33:00,C-407,35-44,1,Thu,14,0,0,D-204,Печенье,bakery,139,41.7,1,Clear,19,1,W-02,3,,0.7,97.3,2023-11-16
T1435,2023-11-22 11:10:00,C-128,18-24,0,Wed,11,0,0,D-431,Панна котта,dessert,353,123.55,1,Sunny,18,1,W-07,6,5.0,0.65,229.45,2023-11-22
T1436,2023-10-11 11:01:00,,,0,Wed,11,0,0,D-128,Медовик,dessert,271,94.85,1,Sunny,20,1,W-08,3,,0.65,176.15,2023-10-11
T1437,2023-11-08 11:04:00,,,0,Wed,11,0,0,D-157,Вегетарианский сэндвич,sandwich,421,168.4,1,Sunny,23,1,W-03,6,,0.6,252.6,2023-11-08
T1438,2023-11-12 17:49:00,C-926,25-34,0,Sun,17,1,0,D-211,Айс-кофе,beverage,183,60.39,2,Cloudy,16,1,W-04,3,,0.67,245.22,2023-11-12
T1439,2023-10-12 11:17:00,C-816,45-54,1,Thu,11,0,0,D-285,Сэндвич с лососем,sandwich,315,126.0,2,Clear,20,1,W-05,6,5.0,0.6,378.0,2023-10-12
T1440,2023-11-22 11:41:00,C-907,35-44,1,Wed,11,0,0,D-162,Лимонад,beverage,214,70.62,1,Cloudy,22,0,W-06,4,5.0,0.67,143.38,2023-11-22
T1441,2023-10-25 08:25:00,C-980,35-44,0,Wed,8,0,0,D-240,Брауни,dessert,223,78.05,2,Sunny,22,0,W-07,3,3.0,0.65,289.9,2023-10-25
T1442,2023-10-31 16:59:00,,,0,Tue,16,0,0,D-408,Кесадилья,snack,288,109.44,2,Rainy,22,0,W-06,7,5.0,0.62,357.12,2023-10-31
T1443,2023-11-14 08:03:00,C-304,25-34,1,Tue,8,0,0,D-493,Чай с мятой,tea,180,54.0,1,Cloudy,24,0,W-09,3,4.0,0.7,126.0,2023-11-14
T1444,2023-11-13 12:20:00,C-435,35-44,1,Mon,12,0,0,D-214,Сэндвич с лососем,sandwich,438,175.2,1,Sunny,15,1,W-07,9,4.0,0.6,262.8,2023-11-13
T1445,2023-11-29 13:39:00,,,0,Wed,13,0,0,D-233,Чай с мятой,tea,111,33.3,3,Cloudy,16,1,W-07,3,4.0,0.7,233.10000000000002,2023-11-29
T1446,2023-10-24 10:36:00,C-789,25-34,1,Tue,10,0,0,D-482,Капучино,coffee,284,85.2,1,Clear,21,0,W-05,4,3.0,0.7,198.8,2023-10-24
T1447,2023-10-09 12:13:00,C-911,18-24,1,Mon,12,0,0,D-398,Смузи,beverage,156,51.48,1,Clear,16,1,W-04,3,5.0,0.67,104.52000000000001,2023-10-09
T1448,2023-10-01 13:55:00,,,0,Sun,13,1,0,D-148,Панна котта,dessert,301,105.35,1,Sunny,15,0,W-05,3,,0.65,195.65,2023-10-01
T1449,2023-10-22 18:30:00,,,0,Sun,18,1,0,D-254,Эклер,dessert,371,129.85,3,Clear,25,0,W-10,6,4.0,0.65,723.45,2023-10-22
T1450,2023-10-24 10:57:00,C-447,35-44,1,Tue,10,0,0,D-159,Лимонад,beverage,194,64.02,1,Rainy,15,1,W-03,3,5.0,0.67,129.98000000000002,2023-10-24
T1451,2023-10-09 13:53:00,,,0,Mon,13,0,0,D-323,Панна котта,dessert,292,102.2,2,Cloudy,20,1,W-05,5,5.0,0.65,379.6,2023-10-09
T1452,2023-11-17 19:48:00,C-155,18-24,1,Fri,19,0,0,D-353,Булочка с корицей,bakery,164,49.2,1,Sunny,22,0,W-07,1,5.0,0.7,114.8,2023-11-17
T1453,2023-10-23 19:35:00,C-457,18-24,0,Mon,19,0,0,D-388,Сэндвич с лососем,sandwich,376,150.4,1,Cloudy,24,0,W-09,7,4.0,0.6,225.6,2023-10-23
T1454,2023-10-01 13:36:00,C-436,18-24,0,Sun,13,1,0,D-265,Бейгл,bakery,89,26.7,1,Cloudy,15,0,W-10,1,4.0,0.7,62.3,2023-10-01
T1455,2023-10-06 12:45:00,C-437,45-54,0,Fri,12,0,0,D-475,Фруктовый чай,tea,158,47.4,1,Cloudy,18,1,W-06,3,,0.7,110.6,2023-10-06
T1456,2023-11-25 09:41:00,C-194,25-34,1,Sat,9,1,0,D-110,Брауни,dessert,214,74.9,1,Cloudy,17,0,W-07,3,,0.65,139.1,2023-11-25
T1457,2023-10-25 16:18:00,,,0,Wed,16,0,0,D-283,Чай с мятой,tea,115,34.5,1,Sunny,20,0,W-10,1,,0.7,80.5,2023-10-25
T1458,2023-11-02 10:28:00,,,0,Thu,10,0,0,D-322,Сэндвич с лососем,sandwich,318,127.2,1,Clear,16,0,W-10,6,,0.6,190.8,2023-11-02
T1459,2023-10-03 13:29:00,C-744,25-34,1,Tue,13,0,0,D-176,Чай с мятой,tea,182,54.6,1,Cloudy,25,1,W-08,2,4.0,0.7,127.4,2023-10-03
T1460,2023-11-27 11:15:00,,,0,Mon,11,0,0,D-337,Мохито безалкогольный,beverage,157,51.81,1,Rainy,20,0,W-07,2,5.0,0.67,105.19,2023-11-27
T1461,2023-10-17 13:49:00,,,0,Tue,13,0,0,D-313,Лимонад,beverage,134,44.22,1,Rainy,20,0,W-01,2,,0.67,89.78,2023-10-17
T1462,2023-11-07 16:48:00,,,0,Tue,16,0,0,D-140,Фруктовый чай,tea,179,53.7,2,Rainy,25,0,W-04,1,,0.7,250.6,2023-11-07
T1463,2023-10-07 12:01:00,C-514,35-44,0,Sat,12,1,0,D-453,Эспрессо,coffee,179,53.7,1,Clear,19,0,W-10,4,4.0,0.7,125.3,2023-10-07
T1464,2023-10-06 09:00:00,C-592,25-34,0,Fri,9,0,0,D-144,Круассан,bakery,82,24.6,1,Rainy,22,1,W-09,1,5.0,0.7,57.4,2023-10-06
T1465,2023-10-10 13:01:00,C-120,35-44,1,Tue,13,0,0,D-270,Латте,coffee,189,56.7,1,Sunny,16,0,W-07,2,5.0,0.7,132.3,2023-10-10
T1466,2023-11-10 17:27:00,,,0,Fri,17,0,0,D-471,Сэндвич с лососем,sandwich,438,175.2,1,Clear,18,0,W-09,9,4.0,0.6,262.8,2023-11-10
T1467,2023-11-15 09:01:00,C-584,18-24,0,Wed,9,0,0,D-182,Вегетарианский сэндвич,sandwich,391,156.4,1,Rainy,18,0,W-07,5,4.0,0.6,234.6,2023-11-15
T1468,2023-10-31 12:14:00,C-962,35-44,1,Tue,12,0,0,D-444,Смузи,beverage,195,64.35,2,Rainy,22,0,W-07,3,,0.67,261.3,2023-10-31
T1469,2023-11-21 19:10:00,C-277,18-24,0,Tue,19,0,0,D-220,Смузи,beverage,156,51.48,1,Cloudy,23,1,W-08,3,4.0,0.67,104.52000000000001,2023-11-21
T1470,2023-10-04 19:22:00,,,0,Wed,19,0,0,D-416,Брауни,dessert,373,130.55,1,Cloudy,16,0,W-07,3,4.0,0.65,242.45,2023-10-04
T1471,2023-11-05 11:16:00,C-254,35-44,0,Sun,11,1,0,D-334,Медовик,dessert,290,101.5,1,Sunny,16,0,W-01,6,4.0,0.65,188.5,2023-11-05
T1472,2023-11-20 14:50:00,C-991,18-24,1,Mon,14,0,0,D-355,Салат Цезарь,snack,323,122.74,1,Sunny,17,1,W-08,8,,0.62,200.26,2023-11-20
T1473,2023-11-11 12:52:00,,,0,Sat,12,1,0,D-358,Круассан,bakery,105,31.5,1,Cloudy,16,0,W-06,2,3.0,0.7,73.5,2023-11-11
T1474,2023-10-18 12:48:00,,,0,Wed,12,0,0,D-309,Вегетарианский сэндвич,sandwich,411,164.4,1,Clear,23,1,W-07,8,4.0,0.6,246.6,2023-10-18
T1475,2023-11-20 15:01:00,,,0,Mon,15,0,0,D-131,Клаб-сэндвич,sandwich,447,178.8,1,Clear,15,0,W-03,8,4.0,0.6,268.2,2023-11-20
T1476,2023-11-12 18:09:00,,,0,Sun,18,1,0,D-448,Лимонад,beverage,200,66.0,3,Rainy,20,0,W-07,3,,0.67,402.0,2023-11-12
T1477,2023-11-28 12:52:00,C-310,35-44,0,Tue,12,0,0,D-497,Эклер,dessert,356,124.6,2,Cloudy,19,0,W-06,6,4.0,0.65,462.8,2023-11-28
T1478,2023-10-06 08:21:00,C-665,25-34,1,Fri,8,0,0,D-232,Клаб-сэндвич,sandwich,383,153.2,3,Cloudy,19,1,W-09,9,4.0,0.6,689.4000000000001,2023-10-06
T1479,2023-11-16 12:32:00,C-226,18-24,0,Thu,12,0,0,D-273,Флэт Уайт,coffee,165,49.5,2,Cloudy,24,1,W-01,5,4.0,0.7,231.0,2023-11-16
T1480,2023-11-06 15:40:00,,,0,Mon,15,0,0,D-477,Чай с мятой,tea,144,43.2,1,Cloudy,16,0,W-07,3,4.0,0.7,100.8,2023-11-06
T1481,2023-10-21 13:12:00,,,0,Sat,13,1,0,D-209,Кесадилья,snack,296,112.48,1,Clear,16,0,W-03,7,4.0,0.62,183.51999999999998,2023-10-21
T1482,2023-10-24 15:25:00,C-751,25-34,1,Tue,15,0,0,D-313,Какао,beverage,186,61.38,1,Cloudy,17,0,W-08,4,,0.67,124.62,2023-10-24
T1483,2023-11-02 09:45:00,C-566,25-34,0,Thu,9,0,0,D-408,Клаб-сэндвич,sandwich,430,172.0,1,Clear,16,0,W-06,5,,0.6,258.0,2023-11-02
T1484,2023-10-08 12:18:00,C-401,25-34,0,Sun,12,1,0,D-245,Раф,coffee,189,56.7,1,Cloudy,17,0,W-01,4,5.0,0.7,132.3,2023-10-08
T1485,2023-11-22 16:00:00,C-417,25-34,0,Wed,16,0,0,D-490,Раф,coffee,239,71.7,1,Cloudy,23,1,W-08,3,,0.7,167.3,2023-11-22
T1486,2023-11-10 12:28:00,,,0,Fri,12,0,0,D-273,Фруктовый чай,tea,119,35.7,2,Sunny,25,0,W-04,2,4.0,0.7,166.6,2023-11-10
T1487,2023-11-26 12:17:00,,,0,Sun,12,1,0,D-163,Зеленый чай,tea,121,36.3,1,Sunny,18,0,W-09,3,,0.7,84.7,2023-11-26
T1488,2023-11-09 13:48:00,,,0,Thu,13,0,0,D-240,Раф,coffee,283,84.9,1,Cloudy,18,0,W-03,2,3.0,0.7,198.1,2023-11-09
T1489,2023-11-23 15:56:00,C-146,25-34,0,Thu,15,0,0,D-262,Мохито безалкогольный,beverage,130,42.9,2,Clear,19,0,W-01,4,4.0,0.67,174.2,2023-11-23
T1490,2023-10-06 09:06:00,C-414,45-54,0,Fri,9,0,0,D-465,Смузи,beverage,156,51.48,1,Sunny,19,1,W-03,2,3.0,0.67,104.52000000000001,2023-10-06
T1491,2023-10-25 09:09:00,C-307,18-24,1,Wed,9,0,0,D-158,Вегетарианский сэндвич,sandwich,316,126.4,1,Rainy,15,0,W-09,8,5.0,0.6,189.6,2023-10-25
T1492,2023-10-21 13:26:00,,,0,Sat,13,1,0,D-490,Эспрессо,coffee,157,47.1,1,Cloudy,19,1,W-02,3,3.0,0.7,109.9,2023-10-21
T1493,2023-11-06 12:05:00,,,0,Mon,12,0,0,D-121,Суп-пюре,snack,216,82.08,1,Sunny,22,0,W-09,7,4.0,0.62,133.92000000000002,2023-11-06
T1494,2023-11-23 14:41:00,C-959,35-44,0,Thu,14,0,0,D-361,Круассан,bakery,87,26.1,2,Rainy,15,0,W-04,3,,0.7,121.8,2023-11-23
T1495,2023-10-11 16:36:00,C-669,45-54,0,Wed,16,0,0,D-425,Американо,coffee,172,51.6,1,Rainy,22,1,W-06,4,5.0,0.7,120.4,2023-10-11
T1496,2023-10-18 11:20:00,,,0,Wed,11,0,0,D-102,Чизкейк,dessert,317,110.95,3,Sunny,25,0,W-10,6,3.0,0.65,618.1500000000001,2023-10-18
T1497,2023-10-12 12:57:00,,,0,Thu,12,0,0,D-163,Фруктовый чай,tea,197,59.1,1,Rainy,21,1,W-08,3,5.0,0.7,137.9,2023-10-12
T1498,2023-11-22 14:24:00,C-326,35-44,0,Wed,14,0,0,D-414,Круассан,bakery,95,28.5,1,Rainy,18,0,W-04,1,5.0,0.7,66.5,2023-11-22
T1499,2023-10-15 19:23:00,C-300,45-54,0,Sun,19,1,0,D-187,Американо,coffee,276,82.8,2,Cloudy,25,0,W-09,5,4.0,0.7,386.4,2023-10-15
